#! /usr/bin/vvp
:ivl_version "12.0 (stable)";
:ivl_delay_selection "TYPICAL";
:vpi_time_precision - 12;
:vpi_module "/usr/lib/x86_64-linux-gnu/ivl/system.vpi";
:vpi_module "/usr/lib/x86_64-linux-gnu/ivl/vhdl_sys.vpi";
:vpi_module "/usr/lib/x86_64-linux-gnu/ivl/vhdl_textio.vpi";
:vpi_module "/usr/lib/x86_64-linux-gnu/ivl/v2005_math.vpi";
:vpi_module "/usr/lib/x86_64-linux-gnu/ivl/va_math.vpi";
:vpi_module "/usr/lib/x86_64-linux-gnu/ivl/v2009.vpi";
S_0x55e8b718eb60 .scope package, "$unit" "$unit" 2 1;
 .timescale 0 0;
S_0x55e8b71779f0 .scope module, "soc_top_tb" "soc_top_tb" 3 3;
 .timescale -9 -12;
v0x55e8b7221000_0 .var/i "assertion_fail_count", 31 0;
v0x55e8b72210e0_0 .var "clk", 0 0;
v0x55e8b72211a0_0 .var/i "fail_count", 31 0;
v0x55e8b7221240_0 .var/i "fwd_a_mem_count", 31 0;
v0x55e8b7221320_0 .var/i "fwd_a_wb_count", 31 0;
v0x55e8b7221400_0 .var/i "fwd_b_mem_count", 31 0;
v0x55e8b72214e0_0 .var/i "fwd_b_wb_count", 31 0;
v0x55e8b72215c0_0 .var/i "pass_count", 31 0;
v0x55e8b72216a0_0 .var "prev_pc_if", 63 0;
v0x55e8b7221810_0 .var "prev_stall", 0 0;
v0x55e8b72218d0_0 .var "rst", 0 0;
v0x55e8b7221970_0 .var "saw_b_pc72_taken", 0 0;
v0x55e8b7221a30_0 .var "saw_cbz_not_taken", 0 0;
v0x55e8b7221af0_0 .var "saw_cbz_pc32_taken", 0 0;
v0x55e8b7221bb0_0 .var "saw_cbz_pc48_not_taken", 0 0;
v0x55e8b7221c70_0 .var "saw_cbz_pc60_taken", 0 0;
v0x55e8b7221d30_0 .var "saw_cbz_taken", 0 0;
v0x55e8b7221f00_0 .var "saw_fwd_a_mem", 0 0;
v0x55e8b7221fc0_0 .var "saw_fwd_a_wb", 0 0;
v0x55e8b7222080_0 .var "saw_fwd_b_mem", 0 0;
v0x55e8b7222140_0 .var "saw_fwd_b_wb", 0 0;
v0x55e8b7222200_0 .var "saw_stall", 0 0;
v0x55e8b72222c0_0 .var "saw_stall_pc20", 0 0;
v0x55e8b7222380_0 .var "saw_stall_pc32", 0 0;
v0x55e8b7222440_0 .var "saw_stall_pc48", 0 0;
v0x55e8b7222500_0 .var "saw_stall_pc60", 0 0;
v0x55e8b72225c0_0 .var "saw_uncond_branch", 0 0;
v0x55e8b7222680_0 .var/i "stall_count", 31 0;
S_0x55e8b718e7b0 .scope task, "check_count" "check_count" 3 79, 3 79 0, S_0x55e8b71779f0;
 .timescale -9 -12;
v0x55e8b71c0a10_0 .var/i "actual", 31 0;
v0x55e8b71c2b90_0 .var "event_name", 319 0;
v0x55e8b71c4340_0 .var/i "expected", 31 0;
TD_soc_top_tb.check_count ;
    %load/vec4 v0x55e8b71c0a10_0;
    %load/vec4 v0x55e8b71c4340_0;
    %cmp/e;
    %jmp/0xz  T_0.0, 4;
    %vpi_call/w 3 85 "$display", "[PASS] %0s count = %0d", v0x55e8b71c2b90_0, v0x55e8b71c0a10_0 {0 0 0};
    %load/vec4 v0x55e8b72215c0_0;
    %addi 1, 0, 32;
    %store/vec4 v0x55e8b72215c0_0, 0, 32;
    %jmp T_0.1;
T_0.0 ;
    %vpi_call/w 3 89 "$display", "[FAIL] %0s count expected=%0d actual=%0d", v0x55e8b71c2b90_0, v0x55e8b71c4340_0, v0x55e8b71c0a10_0 {0 0 0};
    %load/vec4 v0x55e8b72211a0_0;
    %addi 1, 0, 32;
    %store/vec4 v0x55e8b72211a0_0, 0, 32;
T_0.1 ;
    %end;
S_0x55e8b71fa6b0 .scope task, "check_event" "check_event" 3 64, 3 64 0, S_0x55e8b71779f0;
 .timescale -9 -12;
v0x55e8b71c4910_0 .var "event_name", 319 0;
v0x55e8b719bf00_0 .var "observed", 0 0;
TD_soc_top_tb.check_event ;
    %load/vec4 v0x55e8b719bf00_0;
    %cmpi/e 1, 0, 1;
    %jmp/0xz  T_1.2, 6;
    %vpi_call/w 3 69 "$display", "[PASS] %0s observed", v0x55e8b71c4910_0 {0 0 0};
    %load/vec4 v0x55e8b72215c0_0;
    %addi 1, 0, 32;
    %store/vec4 v0x55e8b72215c0_0, 0, 32;
    %jmp T_1.3;
T_1.2 ;
    %vpi_call/w 3 73 "$display", "[FAIL] %0s was not observed", v0x55e8b71c4910_0 {0 0 0};
    %load/vec4 v0x55e8b72211a0_0;
    %addi 1, 0, 32;
    %store/vec4 v0x55e8b72211a0_0, 0, 32;
T_1.3 ;
    %end;
S_0x55e8b71fa8c0 .scope task, "check_reg" "check_reg" 3 45, 3 45 0, S_0x55e8b71779f0;
 .timescale -9 -12;
v0x55e8b7187290_0 .var "expected", 63 0;
v0x55e8b71d3d50_0 .var/i "reg_num", 31 0;
TD_soc_top_tb.check_reg ;
    %ix/getv/s 4, v0x55e8b71d3d50_0;
    %load/vec4a v0x55e8b720edc0, 4;
    %load/vec4 v0x55e8b7187290_0;
    %cmp/e;
    %jmp/0xz  T_2.4, 6;
    %vpi_call/w 3 50 "$display", "[PASS] x%0d = %0d", v0x55e8b71d3d50_0, &A<v0x55e8b720edc0, v0x55e8b71d3d50_0 > {0 0 0};
    %load/vec4 v0x55e8b72215c0_0;
    %addi 1, 0, 32;
    %store/vec4 v0x55e8b72215c0_0, 0, 32;
    %jmp T_2.5;
T_2.4 ;
    %vpi_call/w 3 55 "$display", "[FAIL] x%0d expected=%0d actual=%0d", v0x55e8b71d3d50_0, v0x55e8b7187290_0, &A<v0x55e8b720edc0, v0x55e8b71d3d50_0 > {0 0 0};
    %load/vec4 v0x55e8b72211a0_0;
    %addi 1, 0, 32;
    %store/vec4 v0x55e8b72211a0_0, 0, 32;
T_2.5 ;
    %end;
S_0x55e8b71faad0 .scope module, "dut" "soc_top" 3 40, 4 1 0, S_0x55e8b71779f0;
 .timescale -9 -12;
    .port_info 0 /INPUT 1 "clk";
    .port_info 1 /INPUT 1 "rst";
v0x55e8b72208c0_0 .net "clk", 0 0, v0x55e8b72210e0_0;  1 drivers
v0x55e8b7220980_0 .net "dmem_addr", 63 0, L_0x55e8b7235340;  1 drivers
v0x55e8b7220a40_0 .net "dmem_rdata", 63 0, L_0x55e8b7238860;  1 drivers
v0x55e8b7220ae0_0 .net "dmem_re", 0 0, L_0x55e8b72356f0;  1 drivers
v0x55e8b7220b80_0 .net "dmem_ready", 0 0, L_0x55e8b7238750;  1 drivers
v0x55e8b7220c20_0 .net "dmem_wdata", 63 0, v0x55e8b7211320_0;  1 drivers
v0x55e8b7220ce0_0 .net "dmem_we", 0 0, L_0x55e8b7235590;  1 drivers
v0x55e8b7220d80_0 .net "imem_addr", 63 0, L_0x55e8b71c08f0;  1 drivers
v0x55e8b7220e40_0 .net "imem_rdata", 31 0, L_0x55e8b7237900;  1 drivers
v0x55e8b7220f00_0 .net "rst", 0 0, v0x55e8b72218d0_0;  1 drivers
S_0x55e8b71facd0 .scope module, "IM" "InstructionMem" 4 29, 5 1 0, S_0x55e8b71faad0;
 .timescale 0 0;
    .port_info 0 /INPUT 64 "pc";
    .port_info 1 /OUTPUT 32 "instruction";
L_0x55e8b7237900 .functor BUFZ 32, L_0x55e8b7238290, C4<00000000000000000000000000000000>, C4<00000000000000000000000000000000>, C4<00000000000000000000000000000000>;
v0x55e8b71faef0_0 .net *"_ivl_2", 31 0, L_0x55e8b7238290;  1 drivers
v0x55e8b71faff0_0 .net *"_ivl_4", 6 0, L_0x55e8b7238330;  1 drivers
L_0x7ad7e5a9d690 .functor BUFT 1, C4<00>, C4<0>, C4<0>, C4<0>;
v0x55e8b71fb0d0_0 .net *"_ivl_7", 1 0, L_0x7ad7e5a9d690;  1 drivers
v0x55e8b71fb190_0 .net "imaddr", 4 0, L_0x55e8b72381f0;  1 drivers
v0x55e8b71fb270_0 .net "instruction", 31 0, L_0x55e8b7237900;  alias, 1 drivers
v0x55e8b71fb3a0 .array "instructionmemory", 0 31, 31 0;
v0x55e8b720b490_0 .net "pc", 63 0, L_0x55e8b71c08f0;  alias, 1 drivers
L_0x55e8b72381f0 .part L_0x55e8b71c08f0, 2, 5;
L_0x55e8b7238290 .array/port v0x55e8b71fb3a0, L_0x55e8b7238330;
L_0x55e8b7238330 .concat [ 5 2 0 0], L_0x55e8b72381f0, L_0x7ad7e5a9d690;
S_0x55e8b720b5d0 .scope module, "core" "core" 4 16, 6 3 0, S_0x55e8b71faad0;
 .timescale -9 -12;
    .port_info 0 /INPUT 1 "clk";
    .port_info 1 /INPUT 1 "rst";
    .port_info 2 /OUTPUT 64 "imem_addr";
    .port_info 3 /INPUT 32 "imem_rdata";
    .port_info 4 /OUTPUT 64 "dmem_addr";
    .port_info 5 /OUTPUT 64 "dmem_wdata";
    .port_info 6 /OUTPUT 1 "dmem_we";
    .port_info 7 /OUTPUT 1 "dmem_re";
    .port_info 8 /INPUT 1 "dmem_ready";
    .port_info 9 /INPUT 64 "dmem_rdata";
v0x55e8b72191a0_0 .net "ALUSrc_id", 0 0, v0x55e8b720bbf0_0;  1 drivers
v0x55e8b7219260_0 .net "ALUop_id", 3 0, v0x55e8b720bcd0_0;  1 drivers
v0x55e8b7219370_0 .net "Branch_id", 0 0, v0x55e8b720bdb0_0;  1 drivers
v0x55e8b7219410_0 .net "Memread_ex", 0 0, v0x55e8b720fef0_0;  1 drivers
v0x55e8b7219500_0 .net "Memread_id", 0 0, v0x55e8b720be50_0;  1 drivers
v0x55e8b7219640_0 .net "MemtoReg_id", 0 0, v0x55e8b720bf10_0;  1 drivers
v0x55e8b7219730_0 .net "MemtoReg_mem", 0 0, v0x55e8b7210480_0;  1 drivers
v0x55e8b7219820_0 .net "Memwrite_id", 0 0, v0x55e8b720c020_0;  1 drivers
v0x55e8b7219910_0 .net "Rd_ex", 4 0, v0x55e8b72109b0_0;  1 drivers
v0x55e8b7219a40_0 .net "Rd_mem", 4 0, v0x55e8b7210b70_0;  1 drivers
v0x55e8b7219b00_0 .net "Rd_wb", 4 0, v0x55e8b7210c50_0;  1 drivers
v0x55e8b7219bc0_0 .net "Reg2Loc_id", 0 0, v0x55e8b720c0e0_0;  1 drivers
v0x55e8b7219cb0_0 .net "Regwrite_ex", 0 0, v0x55e8b7211670_0;  1 drivers
v0x55e8b7219da0_0 .net "Regwrite_id", 0 0, v0x55e8b720c1a0_0;  1 drivers
v0x55e8b7219e90_0 .net "Regwrite_mem", 0 0, v0x55e8b7211880_0;  1 drivers
v0x55e8b7219f80_0 .net "Regwrite_wb", 0 0, v0x55e8b7211940_0;  1 drivers
v0x55e8b721a020_0 .net "Rm_ex", 4 0, v0x55e8b7211ae0_0;  1 drivers
v0x55e8b721a130_0 .net "Rm_id", 4 0, L_0x55e8b7232d30;  1 drivers
v0x55e8b721a1f0_0 .net "Rn_ex", 4 0, v0x55e8b7211c90_0;  1 drivers
v0x55e8b721a300_0 .net "Rn_id", 4 0, L_0x55e8b7232ea0;  1 drivers
v0x55e8b721a3c0_0 .net "Unconditionbranch_id", 0 0, v0x55e8b720c260_0;  1 drivers
v0x55e8b721a4b0_0 .net "clk", 0 0, v0x55e8b72210e0_0;  alias, 1 drivers
v0x55e8b721a550_0 .net "dmem_addr", 63 0, L_0x55e8b7235340;  alias, 1 drivers
v0x55e8b721a610_0 .net "dmem_rdata", 63 0, L_0x55e8b7238860;  alias, 1 drivers
v0x55e8b721a6b0_0 .net "dmem_re", 0 0, L_0x55e8b72356f0;  alias, 1 drivers
v0x55e8b721a750_0 .net "dmem_ready", 0 0, L_0x55e8b7238750;  alias, 1 drivers
v0x55e8b721a7f0_0 .net "dmem_wdata", 63 0, v0x55e8b7211320_0;  alias, 1 drivers
v0x55e8b721a890_0 .net "dmem_we", 0 0, L_0x55e8b7235590;  alias, 1 drivers
v0x55e8b721a930_0 .net "fwdmuxa_ex", 1 0, L_0x55e8b7236d50;  1 drivers
v0x55e8b721aa20_0 .net "fwdmuxb_ex", 1 0, L_0x55e8b7237fc0;  1 drivers
v0x55e8b721ab10_0 .net "hazardmux_id", 0 0, v0x55e8b7218d40_0;  1 drivers
v0x55e8b721ac00_0 .net "idhold_id", 0 0, v0x55e8b7218de0_0;  1 drivers
v0x55e8b721acf0_0 .net "imem_addr", 63 0, L_0x55e8b71c08f0;  alias, 1 drivers
v0x55e8b721aff0_0 .net "imem_rdata", 31 0, L_0x55e8b7237900;  alias, 1 drivers
v0x55e8b721b0e0_0 .net "instruction_id", 31 0, v0x55e8b7214210_0;  1 drivers
v0x55e8b721b1a0_0 .net "pchold_id", 0 0, v0x55e8b7218f20_0;  1 drivers
v0x55e8b721b290_0 .net "rst", 0 0, v0x55e8b72218d0_0;  alias, 1 drivers
S_0x55e8b720b7b0 .scope module, "ctrl" "Control" 6 78, 7 1 0, S_0x55e8b720b5d0;
 .timescale 0 0;
    .port_info 0 /INPUT 32 "instruction";
    .port_info 1 /OUTPUT 1 "Reg2Loc";
    .port_info 2 /OUTPUT 1 "Unconditionbranch";
    .port_info 3 /OUTPUT 1 "Branch";
    .port_info 4 /OUTPUT 1 "Memread";
    .port_info 5 /OUTPUT 1 "MemtoReg";
    .port_info 6 /OUTPUT 4 "ALUop";
    .port_info 7 /OUTPUT 1 "Memwrite";
    .port_info 8 /OUTPUT 1 "ALUSrc";
    .port_info 9 /OUTPUT 1 "Regwrite";
v0x55e8b720bbf0_0 .var "ALUSrc", 0 0;
v0x55e8b720bcd0_0 .var "ALUop", 3 0;
v0x55e8b720bdb0_0 .var "Branch", 0 0;
v0x55e8b720be50_0 .var "Memread", 0 0;
v0x55e8b720bf10_0 .var "MemtoReg", 0 0;
v0x55e8b720c020_0 .var "Memwrite", 0 0;
v0x55e8b720c0e0_0 .var "Reg2Loc", 0 0;
v0x55e8b720c1a0_0 .var "Regwrite", 0 0;
v0x55e8b720c260_0 .var "Unconditionbranch", 0 0;
v0x55e8b720c320_0 .net "instruction", 31 0, v0x55e8b7214210_0;  alias, 1 drivers
v0x55e8b720c400_0 .net "opcode", 10 0, L_0x55e8b7235ce0;  1 drivers
E_0x55e8b71e81d0 .event anyedge, v0x55e8b720c320_0, v0x55e8b720c320_0, v0x55e8b720c400_0;
L_0x55e8b7235ce0 .part v0x55e8b7214210_0, 21, 11;
S_0x55e8b720b9f0 .scope begin, "OP_Decode" "OP_Decode" 7 16, 7 16 0, S_0x55e8b720b7b0;
 .timescale 0 0;
S_0x55e8b720c620 .scope module, "datapath" "datapath" 6 34, 8 3 0, S_0x55e8b720b5d0;
 .timescale -9 -12;
    .port_info 0 /INPUT 1 "clk";
    .port_info 1 /INPUT 1 "rst";
    .port_info 2 /INPUT 1 "Reg2Loc_id";
    .port_info 3 /INPUT 1 "Unconditionbranch_id";
    .port_info 4 /INPUT 1 "Branch_id";
    .port_info 5 /INPUT 1 "Memread_id";
    .port_info 6 /INPUT 1 "MemtoReg_id";
    .port_info 7 /INPUT 1 "Memwrite_id";
    .port_info 8 /INPUT 1 "ALUSrc_id";
    .port_info 9 /INPUT 1 "Regwrite_id";
    .port_info 10 /INPUT 4 "ALUop_id";
    .port_info 11 /INPUT 1 "hazardmux_id";
    .port_info 12 /INPUT 1 "idhold_id";
    .port_info 13 /INPUT 1 "pchold_id";
    .port_info 14 /INPUT 2 "muxa";
    .port_info 15 /INPUT 2 "muxb";
    .port_info 16 /OUTPUT 64 "imem_addr";
    .port_info 17 /INPUT 32 "imem_rdata";
    .port_info 18 /OUTPUT 64 "dmem_addr";
    .port_info 19 /OUTPUT 64 "dmem_wdata";
    .port_info 20 /OUTPUT 1 "dmem_we";
    .port_info 21 /OUTPUT 1 "dmem_re";
    .port_info 22 /INPUT 1 "dmem_ready";
    .port_info 23 /INPUT 64 "dmem_rdata";
    .port_info 24 /OUTPUT 5 "Rn_id";
    .port_info 25 /OUTPUT 5 "Rm_id";
    .port_info 26 /OUTPUT 32 "instruction_id";
    .port_info 27 /OUTPUT 5 "Rd_ex";
    .port_info 28 /OUTPUT 5 "Rd_mem";
    .port_info 29 /OUTPUT 1 "Memread_ex";
    .port_info 30 /OUTPUT 1 "Regwrite_ex";
    .port_info 31 /OUTPUT 1 "MemtoReg_mem";
    .port_info 32 /OUTPUT 5 "Rm_ex";
    .port_info 33 /OUTPUT 5 "Rn_ex";
    .port_info 34 /OUTPUT 5 "Rd_wb";
    .port_info 35 /OUTPUT 1 "Regwrite_mem";
    .port_info 36 /OUTPUT 1 "Regwrite_wb";
L_0x55e8b71be020 .functor OR 1, v0x55e8b7218f20_0, L_0x55e8b7235bf0, C4<0>, C4<0>;
L_0x55e8b71c08f0 .functor BUFZ 64, v0x55e8b720db00_0, C4<0000000000000000000000000000000000000000000000000000000000000000>, C4<0000000000000000000000000000000000000000000000000000000000000000>, C4<0000000000000000000000000000000000000000000000000000000000000000>;
L_0x55e8b71c1e10 .functor BUFZ 32, L_0x55e8b7237900, C4<00000000000000000000000000000000>, C4<00000000000000000000000000000000>, C4<00000000000000000000000000000000>;
L_0x55e8b7233550 .functor AND 1, L_0x55e8b72335c0, L_0x55e8b72336b0, C4<1>, C4<1>;
L_0x55e8b71c4220 .functor AND 1, v0x55e8b720bdb0_0, L_0x55e8b7233460, C4<1>, C4<1>;
L_0x55e8b71c47f0 .functor OR 1, v0x55e8b720c260_0, L_0x55e8b71c4220, C4<0>, C4<0>;
L_0x55e8b719bde0 .functor AND 1, L_0x55e8b7233550, L_0x55e8b71c47f0, C4<1>, C4<1>;
L_0x55e8b7235340 .functor BUFZ 64, v0x55e8b7214d90_0, C4<0000000000000000000000000000000000000000000000000000000000000000>, C4<0000000000000000000000000000000000000000000000000000000000000000>, C4<0000000000000000000000000000000000000000000000000000000000000000>;
L_0x55e8b7235590 .functor BUFZ 1, v0x55e8b7210830_0, C4<0>, C4<0>, C4<0>;
L_0x55e8b72356f0 .functor BUFZ 1, v0x55e8b7210190_0, C4<0>, C4<0>, C4<0>;
L_0x55e8b72357f0 .functor BUFZ 64, L_0x55e8b7238860, C4<0000000000000000000000000000000000000000000000000000000000000000>, C4<0000000000000000000000000000000000000000000000000000000000000000>, C4<0000000000000000000000000000000000000000000000000000000000000000>;
L_0x55e8b7235960 .functor OR 1, v0x55e8b7210190_0, v0x55e8b7210830_0, C4<0>, C4<0>;
L_0x55e8b7235bf0 .functor AND 1, L_0x55e8b7235960, L_0x55e8b72359d0, C4<1>, C4<1>;
v0x55e8b720f940_0 .var "ALUSrc_ex", 0 0;
v0x55e8b720fa00_0 .net "ALUSrc_id", 0 0, v0x55e8b720bbf0_0;  alias, 1 drivers
v0x55e8b720faf0_0 .var "ALUSrc_id_mux", 0 0;
v0x55e8b720fbc0_0 .var "ALUop_ex", 3 0;
v0x55e8b720fc90_0 .net "ALUop_id", 3 0, v0x55e8b720bcd0_0;  alias, 1 drivers
v0x55e8b720fd80_0 .var "ALUop_id_mux", 3 0;
v0x55e8b720fe20_0 .net "Branch_id", 0 0, v0x55e8b720bdb0_0;  alias, 1 drivers
v0x55e8b720fef0_0 .var "Memread_ex", 0 0;
v0x55e8b720ff90_0 .net "Memread_id", 0 0, v0x55e8b720be50_0;  alias, 1 drivers
v0x55e8b72100f0_0 .var "Memread_id_mux", 0 0;
v0x55e8b7210190_0 .var "Memread_mem", 0 0;
v0x55e8b7210250_0 .var "MemtoReg_ex", 0 0;
v0x55e8b7210310_0 .net "MemtoReg_id", 0 0, v0x55e8b720bf10_0;  alias, 1 drivers
v0x55e8b72103e0_0 .var "MemtoReg_id_mux", 0 0;
v0x55e8b7210480_0 .var "MemtoReg_mem", 0 0;
v0x55e8b7210540_0 .var "MemtoReg_wb", 0 0;
v0x55e8b7210600_0 .var "Memwrite_ex", 0 0;
v0x55e8b72106c0_0 .net "Memwrite_id", 0 0, v0x55e8b720c020_0;  alias, 1 drivers
v0x55e8b7210790_0 .var "Memwrite_id_mux", 0 0;
v0x55e8b7210830_0 .var "Memwrite_mem", 0 0;
v0x55e8b72108f0_0 .net "PCSrc_id", 0 0, L_0x55e8b719bde0;  1 drivers
v0x55e8b72109b0_0 .var "Rd_ex", 4 0;
v0x55e8b7210a90_0 .net "Rd_id", 4 0, L_0x55e8b7232fd0;  1 drivers
v0x55e8b7210b70_0 .var "Rd_mem", 4 0;
v0x55e8b7210c50_0 .var "Rd_wb", 4 0;
v0x55e8b7210d40_0 .var "Readdata1_ex", 63 0;
v0x55e8b7210e00_0 .net "Readdata1_ex_mux", 63 0, L_0x55e8b7234770;  1 drivers
v0x55e8b7210ef0_0 .net "Readdata1_id", 63 0, L_0x55e8b7187170;  1 drivers
v0x55e8b7210fc0_0 .var "Readdata2_ex", 63 0;
v0x55e8b7211080_0 .net "Readdata2_ex_Src", 63 0, L_0x55e8b7235200;  1 drivers
v0x55e8b7211170_0 .net "Readdata2_ex_mux", 63 0, L_0x55e8b7234f90;  1 drivers
v0x55e8b7211230_0 .net "Readdata2_id", 63 0, L_0x55e8b7233fa0;  1 drivers
v0x55e8b7211320_0 .var "Readdata2_mem_mux", 63 0;
v0x55e8b72113e0_0 .net "Readmemdata_mem", 63 0, L_0x55e8b72357f0;  1 drivers
v0x55e8b72114c0_0 .var "Readmemdata_wb", 63 0;
v0x55e8b72115a0_0 .net "Reg2Loc_id", 0 0, v0x55e8b720c0e0_0;  alias, 1 drivers
v0x55e8b7211670_0 .var "Regwrite_ex", 0 0;
v0x55e8b7211710_0 .net "Regwrite_id", 0 0, v0x55e8b720c1a0_0;  alias, 1 drivers
v0x55e8b72117e0_0 .var "Regwrite_id_mux", 0 0;
v0x55e8b7211880_0 .var "Regwrite_mem", 0 0;
v0x55e8b7211940_0 .var "Regwrite_wb", 0 0;
v0x55e8b7211a10_0 .var "Regwritedata_wb", 63 0;
v0x55e8b7211ae0_0 .var "Rm_ex", 4 0;
v0x55e8b7211ba0_0 .net "Rm_id", 4 0, L_0x55e8b7232d30;  alias, 1 drivers
v0x55e8b7211c90_0 .var "Rn_ex", 4 0;
v0x55e8b7211d50_0 .net "Rn_id", 4 0, L_0x55e8b7232ea0;  alias, 1 drivers
v0x55e8b7211e40_0 .var "SE_Dtaddr_ex", 63 0;
v0x55e8b7211f00_0 .net "SE_Dtaddr_id", 63 0, v0x55e8b720f470_0;  1 drivers
v0x55e8b7211ff0_0 .net "Unconditionbranch_id", 0 0, v0x55e8b720c260_0;  alias, 1 drivers
L_0x7ad7e5a9d018 .functor BUFT 1, C4<0000000000000000000000000000000000000000000000000000000000000100>, C4<0>, C4<0>, C4<0>;
v0x55e8b72120c0_0 .net/2u *"_ivl_0", 63 0, L_0x7ad7e5a9d018;  1 drivers
v0x55e8b7212160_0 .net *"_ivl_15", 4 0, L_0x55e8b7232bf0;  1 drivers
v0x55e8b7212240_0 .net *"_ivl_17", 4 0, L_0x55e8b7232c90;  1 drivers
v0x55e8b7212320_0 .net *"_ivl_24", 63 0, L_0x55e8b7233270;  1 drivers
v0x55e8b7212400_0 .net *"_ivl_26", 61 0, L_0x55e8b72331d0;  1 drivers
L_0x7ad7e5a9d060 .functor BUFT 1, C4<00>, C4<0>, C4<0>, C4<0>;
v0x55e8b72124e0_0 .net *"_ivl_28", 1 0, L_0x7ad7e5a9d060;  1 drivers
L_0x7ad7e5a9d0a8 .functor BUFT 1, C4<0000000000000000000000000000000000000000000000000000000000000000>, C4<0>, C4<0>, C4<0>;
v0x55e8b72125c0_0 .net/2u *"_ivl_32", 63 0, L_0x7ad7e5a9d0a8;  1 drivers
v0x55e8b72126a0_0 .net *"_ivl_37", 0 0, L_0x55e8b72335c0;  1 drivers
v0x55e8b7212760_0 .net *"_ivl_39", 0 0, L_0x55e8b72336b0;  1 drivers
v0x55e8b7212820_0 .net *"_ivl_41", 0 0, L_0x55e8b7233550;  1 drivers
v0x55e8b72128e0_0 .net *"_ivl_42", 0 0, L_0x55e8b71c4220;  1 drivers
v0x55e8b72129c0_0 .net *"_ivl_44", 0 0, L_0x55e8b71c47f0;  1 drivers
L_0x7ad7e5a9d180 .functor BUFT 1, C4<00>, C4<0>, C4<0>, C4<0>;
v0x55e8b7212aa0_0 .net/2u *"_ivl_48", 1 0, L_0x7ad7e5a9d180;  1 drivers
v0x55e8b7212b80_0 .net *"_ivl_50", 0 0, L_0x55e8b72340b0;  1 drivers
L_0x7ad7e5a9d1c8 .functor BUFT 1, C4<01>, C4<0>, C4<0>, C4<0>;
v0x55e8b7212c40_0 .net/2u *"_ivl_52", 1 0, L_0x7ad7e5a9d1c8;  1 drivers
v0x55e8b7212d20_0 .net *"_ivl_54", 0 0, L_0x55e8b72341a0;  1 drivers
L_0x7ad7e5a9d210 .functor BUFT 1, C4<10>, C4<0>, C4<0>, C4<0>;
v0x55e8b7212de0_0 .net/2u *"_ivl_56", 1 0, L_0x7ad7e5a9d210;  1 drivers
v0x55e8b7212ec0_0 .net *"_ivl_58", 0 0, L_0x55e8b7234360;  1 drivers
v0x55e8b7212f80_0 .net *"_ivl_60", 63 0, L_0x55e8b7234450;  1 drivers
v0x55e8b7213060_0 .net *"_ivl_62", 63 0, L_0x55e8b72345e0;  1 drivers
L_0x7ad7e5a9d258 .functor BUFT 1, C4<00>, C4<0>, C4<0>, C4<0>;
v0x55e8b7213140_0 .net/2u *"_ivl_66", 1 0, L_0x7ad7e5a9d258;  1 drivers
v0x55e8b7213220_0 .net *"_ivl_68", 0 0, L_0x55e8b72344f0;  1 drivers
L_0x7ad7e5a9d2a0 .functor BUFT 1, C4<01>, C4<0>, C4<0>, C4<0>;
v0x55e8b72132e0_0 .net/2u *"_ivl_70", 1 0, L_0x7ad7e5a9d2a0;  1 drivers
v0x55e8b72133c0_0 .net *"_ivl_72", 0 0, L_0x55e8b7234a00;  1 drivers
L_0x7ad7e5a9d2e8 .functor BUFT 1, C4<10>, C4<0>, C4<0>, C4<0>;
v0x55e8b7213480_0 .net/2u *"_ivl_74", 1 0, L_0x7ad7e5a9d2e8;  1 drivers
v0x55e8b7213560_0 .net *"_ivl_76", 0 0, L_0x55e8b7234810;  1 drivers
v0x55e8b7213620_0 .net *"_ivl_78", 63 0, L_0x55e8b7234c40;  1 drivers
v0x55e8b7213700_0 .net *"_ivl_80", 63 0, L_0x55e8b7234e50;  1 drivers
v0x55e8b72137e0_0 .net *"_ivl_99", 0 0, L_0x55e8b72359d0;  1 drivers
v0x55e8b72138a0_0 .var "branch_cmp_data_id", 63 0;
v0x55e8b7213980_0 .net "clk", 0 0, v0x55e8b72210e0_0;  alias, 1 drivers
v0x55e8b7213a20_0 .net "dmem_addr", 63 0, L_0x55e8b7235340;  alias, 1 drivers
v0x55e8b7213b00_0 .net "dmem_rdata", 63 0, L_0x55e8b7238860;  alias, 1 drivers
v0x55e8b7213be0_0 .net "dmem_re", 0 0, L_0x55e8b72356f0;  alias, 1 drivers
v0x55e8b7213ca0_0 .net "dmem_ready", 0 0, L_0x55e8b7238750;  alias, 1 drivers
v0x55e8b7213d60_0 .net "dmem_wdata", 63 0, v0x55e8b7211320_0;  alias, 1 drivers
v0x55e8b7213e40_0 .net "dmem_we", 0 0, L_0x55e8b7235590;  alias, 1 drivers
v0x55e8b7213f00_0 .net "hazardmux_id", 0 0, v0x55e8b7218d40_0;  alias, 1 drivers
v0x55e8b7213fc0_0 .net "idhold_id", 0 0, v0x55e8b7218de0_0;  alias, 1 drivers
v0x55e8b7214080_0 .net "imem_addr", 63 0, L_0x55e8b71c08f0;  alias, 1 drivers
v0x55e8b7214140_0 .net "imem_rdata", 31 0, L_0x55e8b7237900;  alias, 1 drivers
v0x55e8b7214210_0 .var "instruction_id", 31 0;
v0x55e8b7214300_0 .net "instruction_if", 31 0, L_0x55e8b71c1e10;  1 drivers
v0x55e8b72143e0_0 .net "mem_access", 0 0, L_0x55e8b7235960;  1 drivers
v0x55e8b72144a0_0 .net "mem_wait", 0 0, L_0x55e8b7235bf0;  1 drivers
v0x55e8b7214560_0 .net "muxa", 1 0, L_0x55e8b7236d50;  alias, 1 drivers
v0x55e8b7214640_0 .net "muxb", 1 0, L_0x55e8b7237fc0;  alias, 1 drivers
v0x55e8b7214720_0 .net "pc_4_if", 63 0, L_0x55e8b7232770;  1 drivers
v0x55e8b7214800_0 .net "pc_hold_all", 0 0, L_0x55e8b71be020;  1 drivers
v0x55e8b72148a0_0 .var "pc_id", 63 0;
v0x55e8b7214960_0 .net "pc_if", 63 0, v0x55e8b720db00_0;  1 drivers
v0x55e8b7214a50_0 .net "pc_next", 63 0, L_0x55e8b7232860;  1 drivers
v0x55e8b7214b20_0 .net "pc_s2_id", 63 0, L_0x55e8b7233370;  1 drivers
v0x55e8b7214be0_0 .net "pchold_id", 0 0, v0x55e8b7218f20_0;  alias, 1 drivers
v0x55e8b7214ca0_0 .net "result_ex", 63 0, v0x55e8b720d350_0;  1 drivers
v0x55e8b7214d90_0 .var "result_mem", 63 0;
v0x55e8b7214e50_0 .var "result_wb", 63 0;
v0x55e8b7214f30_0 .net "rst", 0 0, v0x55e8b72218d0_0;  alias, 1 drivers
v0x55e8b7215000_0 .var "shamt_ex", 5 0;
v0x55e8b72150d0_0 .net "shamt_id", 5 0, L_0x55e8b7232ac0;  1 drivers
v0x55e8b7215190_0 .net "zero_id", 0 0, L_0x55e8b7233460;  1 drivers
E_0x55e8b71e8980 .event anyedge, v0x55e8b7210540_0, v0x55e8b72114c0_0, v0x55e8b7214e50_0;
E_0x55e8b71e8400/0 .event anyedge, v0x55e8b720be50_0, v0x55e8b720bf10_0, v0x55e8b720c020_0, v0x55e8b720bbf0_0;
E_0x55e8b71e8400/1 .event anyedge, v0x55e8b720c1a0_0, v0x55e8b720bcd0_0, v0x55e8b7213f00_0;
E_0x55e8b71e8400 .event/or E_0x55e8b71e8400/0, E_0x55e8b71e8400/1;
E_0x55e8b71e8a40/0 .event anyedge, v0x55e8b720e370_0, v0x55e8b7211880_0, v0x55e8b7210480_0, v0x55e8b7210b70_0;
E_0x55e8b71e8a40/1 .event anyedge, v0x55e8b720e620_0, v0x55e8b7214d90_0, v0x55e8b720e430_0, v0x55e8b720e190_0;
E_0x55e8b71e8a40/2 .event anyedge, v0x55e8b720e4f0_0;
E_0x55e8b71e8a40 .event/or E_0x55e8b71e8a40/0, E_0x55e8b71e8a40/1, E_0x55e8b71e8a40/2;
L_0x55e8b7232770 .arith/sum 64, v0x55e8b720db00_0, L_0x7ad7e5a9d018;
L_0x55e8b7232860 .functor MUXZ 64, L_0x55e8b7232770, L_0x55e8b7233370, L_0x55e8b719bde0, C4<>;
L_0x55e8b7232ac0 .part v0x55e8b7214210_0, 10, 6;
L_0x55e8b7232bf0 .part v0x55e8b7214210_0, 0, 5;
L_0x55e8b7232c90 .part v0x55e8b7214210_0, 16, 5;
L_0x55e8b7232d30 .functor MUXZ 5, L_0x55e8b7232c90, L_0x55e8b7232bf0, v0x55e8b720c0e0_0, C4<>;
L_0x55e8b7232ea0 .part v0x55e8b7214210_0, 5, 5;
L_0x55e8b7232fd0 .part v0x55e8b7214210_0, 0, 5;
L_0x55e8b72331d0 .part v0x55e8b720f470_0, 0, 62;
L_0x55e8b7233270 .concat [ 2 62 0 0], L_0x7ad7e5a9d060, L_0x55e8b72331d0;
L_0x55e8b7233370 .arith/sum 64, v0x55e8b72148a0_0, L_0x55e8b7233270;
L_0x55e8b7233460 .cmp/eq 64, v0x55e8b72138a0_0, L_0x7ad7e5a9d0a8;
L_0x55e8b72335c0 .reduce/nor L_0x55e8b7235bf0;
L_0x55e8b72336b0 .reduce/nor v0x55e8b7218de0_0;
L_0x55e8b72340b0 .cmp/eq 2, L_0x55e8b7236d50, L_0x7ad7e5a9d180;
L_0x55e8b72341a0 .cmp/eq 2, L_0x55e8b7236d50, L_0x7ad7e5a9d1c8;
L_0x55e8b7234360 .cmp/eq 2, L_0x55e8b7236d50, L_0x7ad7e5a9d210;
L_0x55e8b7234450 .functor MUXZ 64, v0x55e8b7210d40_0, v0x55e8b7214d90_0, L_0x55e8b7234360, C4<>;
L_0x55e8b72345e0 .functor MUXZ 64, L_0x55e8b7234450, v0x55e8b7211a10_0, L_0x55e8b72341a0, C4<>;
L_0x55e8b7234770 .functor MUXZ 64, L_0x55e8b72345e0, v0x55e8b7210d40_0, L_0x55e8b72340b0, C4<>;
L_0x55e8b72344f0 .cmp/eq 2, L_0x55e8b7237fc0, L_0x7ad7e5a9d258;
L_0x55e8b7234a00 .cmp/eq 2, L_0x55e8b7237fc0, L_0x7ad7e5a9d2a0;
L_0x55e8b7234810 .cmp/eq 2, L_0x55e8b7237fc0, L_0x7ad7e5a9d2e8;
L_0x55e8b7234c40 .functor MUXZ 64, v0x55e8b7210fc0_0, v0x55e8b7214d90_0, L_0x55e8b7234810, C4<>;
L_0x55e8b7234e50 .functor MUXZ 64, L_0x55e8b7234c40, v0x55e8b7211a10_0, L_0x55e8b7234a00, C4<>;
L_0x55e8b7234f90 .functor MUXZ 64, L_0x55e8b7234e50, v0x55e8b7210fc0_0, L_0x55e8b72344f0, C4<>;
L_0x55e8b7235200 .functor MUXZ 64, L_0x55e8b7234f90, v0x55e8b7211e40_0, v0x55e8b720f940_0, C4<>;
L_0x55e8b72359d0 .reduce/nor L_0x55e8b7238750;
S_0x55e8b720cc00 .scope module, "ALU" "ALU" 8 160, 9 1 0, S_0x55e8b720c620;
 .timescale 0 0;
    .port_info 0 /INPUT 4 "ALUop";
    .port_info 1 /INPUT 64 "Readdata1";
    .port_info 2 /INPUT 64 "Readdata2";
    .port_info 3 /INPUT 6 "shamt";
    .port_info 4 /OUTPUT 64 "result";
v0x55e8b720d0b0_0 .net "ALUop", 3 0, v0x55e8b720fbc0_0;  1 drivers
v0x55e8b720d1b0_0 .net "Readdata1", 63 0, L_0x55e8b7234770;  alias, 1 drivers
v0x55e8b720d290_0 .net "Readdata2", 63 0, L_0x55e8b7235200;  alias, 1 drivers
v0x55e8b720d350_0 .var "result", 63 0;
v0x55e8b720d430_0 .net "shamt", 5 0, v0x55e8b7215000_0;  1 drivers
E_0x55e8b720ce20 .event anyedge, v0x55e8b720d0b0_0, v0x55e8b720d1b0_0, v0x55e8b720d290_0, v0x55e8b720d430_0;
S_0x55e8b720ceb0 .scope begin, "ALU_Decoder" "ALU_Decoder" 9 8, 9 8 0, S_0x55e8b720cc00;
 .timescale 0 0;
S_0x55e8b720d600 .scope begin, "M2R" "M2R" 8 199, 8 199 0, S_0x55e8b720c620;
 .timescale -9 -12;
S_0x55e8b720d800 .scope module, "PC" "programcounter" 8 45, 10 1 0, S_0x55e8b720c620;
 .timescale -9 -12;
    .port_info 0 /INPUT 1 "clk";
    .port_info 1 /INPUT 1 "rst";
    .port_info 2 /INPUT 64 "pc_next";
    .port_info 3 /INPUT 1 "pchold";
    .port_info 4 /OUTPUT 64 "pc";
v0x55e8b720da40_0 .net "clk", 0 0, v0x55e8b72210e0_0;  alias, 1 drivers
v0x55e8b720db00_0 .var "pc", 63 0;
v0x55e8b720dbe0_0 .net "pc_next", 63 0, L_0x55e8b7232860;  alias, 1 drivers
v0x55e8b720dcd0_0 .net "pchold", 0 0, L_0x55e8b71be020;  alias, 1 drivers
v0x55e8b720dd90_0 .net "rst", 0 0, v0x55e8b72218d0_0;  alias, 1 drivers
E_0x55e8b720d9e0 .event posedge, v0x55e8b720da40_0;
S_0x55e8b720df40 .scope module, "REG" "register" 8 123, 11 1 0, S_0x55e8b720c620;
 .timescale -9 -12;
    .port_info 0 /INPUT 1 "clk";
    .port_info 1 /INPUT 5 "Rm";
    .port_info 2 /INPUT 5 "Rn";
    .port_info 3 /INPUT 5 "Rd";
    .port_info 4 /INPUT 1 "Regwrite";
    .port_info 5 /INPUT 64 "Regwritedata";
    .port_info 6 /OUTPUT 64 "Readdata1";
    .port_info 7 /OUTPUT 64 "Readdata2";
L_0x55e8b7187170 .functor BUFZ 64, L_0x55e8b7233ac0, C4<0000000000000000000000000000000000000000000000000000000000000000>, C4<0000000000000000000000000000000000000000000000000000000000000000>, C4<0000000000000000000000000000000000000000000000000000000000000000>;
L_0x55e8b7233fa0 .functor BUFZ 64, L_0x55e8b7233d40, C4<0000000000000000000000000000000000000000000000000000000000000000>, C4<0000000000000000000000000000000000000000000000000000000000000000>, C4<0000000000000000000000000000000000000000000000000000000000000000>;
v0x55e8b720e190_0 .net "Rd", 4 0, v0x55e8b7210c50_0;  alias, 1 drivers
v0x55e8b720e290_0 .net "Readdata1", 63 0, L_0x55e8b7187170;  alias, 1 drivers
v0x55e8b720e370_0 .net "Readdata2", 63 0, L_0x55e8b7233fa0;  alias, 1 drivers
v0x55e8b720e430_0 .net "Regwrite", 0 0, v0x55e8b7211940_0;  alias, 1 drivers
v0x55e8b720e4f0_0 .net "Regwritedata", 63 0, v0x55e8b7211a10_0;  1 drivers
v0x55e8b720e620_0 .net "Rm", 4 0, L_0x55e8b7232d30;  alias, 1 drivers
v0x55e8b720e700_0 .net "Rn", 4 0, L_0x55e8b7232ea0;  alias, 1 drivers
v0x55e8b720e7e0_0 .net *"_ivl_0", 63 0, L_0x55e8b7233ac0;  1 drivers
v0x55e8b720e8c0_0 .net *"_ivl_10", 6 0, L_0x55e8b7233de0;  1 drivers
L_0x7ad7e5a9d138 .functor BUFT 1, C4<00>, C4<0>, C4<0>, C4<0>;
v0x55e8b720e9a0_0 .net *"_ivl_13", 1 0, L_0x7ad7e5a9d138;  1 drivers
v0x55e8b720ea80_0 .net *"_ivl_2", 6 0, L_0x55e8b7233b60;  1 drivers
L_0x7ad7e5a9d0f0 .functor BUFT 1, C4<00>, C4<0>, C4<0>, C4<0>;
v0x55e8b720eb60_0 .net *"_ivl_5", 1 0, L_0x7ad7e5a9d0f0;  1 drivers
v0x55e8b720ec40_0 .net *"_ivl_8", 63 0, L_0x55e8b7233d40;  1 drivers
v0x55e8b720ed20_0 .net "clk", 0 0, v0x55e8b72210e0_0;  alias, 1 drivers
v0x55e8b720edc0 .array "registers", 0 31, 63 0;
L_0x55e8b7233ac0 .array/port v0x55e8b720edc0, L_0x55e8b7233b60;
L_0x55e8b7233b60 .concat [ 5 2 0 0], L_0x55e8b7232ea0, L_0x7ad7e5a9d0f0;
L_0x55e8b7233d40 .array/port v0x55e8b720edc0, L_0x55e8b7233de0;
L_0x55e8b7233de0 .concat [ 5 2 0 0], L_0x55e8b7232d30, L_0x7ad7e5a9d138;
S_0x55e8b720ef60 .scope module, "SE" "signextension" 8 117, 12 1 0, S_0x55e8b720c620;
 .timescale -9 -12;
    .port_info 0 /INPUT 32 "instruction";
    .port_info 1 /OUTPUT 64 "SE_Dtaddr";
v0x55e8b720f470_0 .var "SE_Dtaddr", 63 0;
v0x55e8b720f570_0 .net "instruction", 31 0, v0x55e8b7214210_0;  alias, 1 drivers
v0x55e8b720f630_0 .net "opcode", 10 0, L_0x55e8b7233a20;  1 drivers
E_0x55e8b720f1c0/0 .event anyedge, v0x55e8b720f630_0, v0x55e8b720c320_0, v0x55e8b720c320_0, v0x55e8b720c320_0;
E_0x55e8b720f1c0/1 .event anyedge, v0x55e8b720c320_0, v0x55e8b720c320_0, v0x55e8b720c320_0, v0x55e8b720c320_0;
E_0x55e8b720f1c0/2 .event anyedge, v0x55e8b720c320_0;
E_0x55e8b720f1c0 .event/or E_0x55e8b720f1c0/0, E_0x55e8b720f1c0/1, E_0x55e8b720f1c0/2;
L_0x55e8b7233a20 .part v0x55e8b7214210_0, 21, 11;
S_0x55e8b720f270 .scope begin, "SE" "SE" 12 8, 12 8 0, S_0x55e8b720ef60;
 .timescale -9 -12;
S_0x55e8b720f760 .scope begin, "ha" "ha" 8 98, 8 98 0, S_0x55e8b720c620;
 .timescale -9 -12;
S_0x55e8b72156f0 .scope module, "fwd" "forwardingunit" 6 107, 13 1 0, S_0x55e8b720b5d0;
 .timescale -9 -12;
    .port_info 0 /INPUT 5 "Rm_ex";
    .port_info 1 /INPUT 5 "Rn_ex";
    .port_info 2 /INPUT 5 "Rd_mem";
    .port_info 3 /INPUT 5 "Rd_wb";
    .port_info 4 /INPUT 1 "Regwrite_mem";
    .port_info 5 /INPUT 1 "Regwrite_wb";
    .port_info 6 /OUTPUT 2 "muxa";
    .port_info 7 /OUTPUT 2 "muxb";
L_0x55e8b72358f0 .functor AND 1, v0x55e8b7211880_0, L_0x55e8b7235d80, C4<1>, C4<1>;
L_0x55e8b7235f50 .functor AND 1, L_0x55e8b72358f0, L_0x55e8b7235eb0, C4<1>, C4<1>;
L_0x55e8b72360f0 .functor AND 1, v0x55e8b7211940_0, L_0x55e8b7235fc0, C4<1>, C4<1>;
L_0x55e8b7236350 .functor AND 1, L_0x55e8b72360f0, L_0x55e8b72361f0, C4<1>, C4<1>;
L_0x55e8b7236530 .functor AND 1, v0x55e8b7211880_0, L_0x55e8b7236440, C4<1>, C4<1>;
L_0x55e8b7236710 .functor AND 1, L_0x55e8b7236530, L_0x55e8b7236630, C4<1>, C4<1>;
L_0x55e8b7236950 .functor AND 1, L_0x55e8b7236350, L_0x55e8b7236860, C4<1>, C4<1>;
L_0x55e8b7237140 .functor AND 1, v0x55e8b7211880_0, L_0x55e8b7236ee0, C4<1>, C4<1>;
L_0x55e8b72372a0 .functor AND 1, L_0x55e8b7237140, L_0x55e8b7237200, C4<1>, C4<1>;
L_0x55e8b7237510 .functor AND 1, v0x55e8b7211940_0, L_0x55e8b72373b0, C4<1>, C4<1>;
L_0x55e8b72376d0 .functor AND 1, L_0x55e8b7237510, L_0x55e8b7237630, C4<1>, C4<1>;
L_0x55e8b72374a0 .functor AND 1, v0x55e8b7211880_0, L_0x55e8b7237740, C4<1>, C4<1>;
L_0x55e8b7237a10 .functor AND 1, L_0x55e8b72374a0, L_0x55e8b7237970, C4<1>, C4<1>;
L_0x55e8b7237ca0 .functor AND 1, L_0x55e8b72376d0, L_0x55e8b7237b20, C4<1>, C4<1>;
v0x55e8b7215950_0 .net "Rd_mem", 4 0, v0x55e8b7210b70_0;  alias, 1 drivers
v0x55e8b7215a60_0 .net "Rd_wb", 4 0, v0x55e8b7210c50_0;  alias, 1 drivers
v0x55e8b7215b50_0 .net "Regwrite_mem", 0 0, v0x55e8b7211880_0;  alias, 1 drivers
v0x55e8b7215c20_0 .net "Regwrite_wb", 0 0, v0x55e8b7211940_0;  alias, 1 drivers
v0x55e8b7215d10_0 .net "Rm_ex", 4 0, v0x55e8b7211ae0_0;  alias, 1 drivers
v0x55e8b7215e00_0 .net "Rn_ex", 4 0, v0x55e8b7211c90_0;  alias, 1 drivers
L_0x7ad7e5a9d330 .functor BUFT 1, C4<11111>, C4<0>, C4<0>, C4<0>;
v0x55e8b7215ea0_0 .net/2u *"_ivl_0", 4 0, L_0x7ad7e5a9d330;  1 drivers
L_0x7ad7e5a9d378 .functor BUFT 1, C4<10>, C4<0>, C4<0>, C4<0>;
v0x55e8b7215f40_0 .net/2u *"_ivl_10", 1 0, L_0x7ad7e5a9d378;  1 drivers
L_0x7ad7e5a9d3c0 .functor BUFT 1, C4<11111>, C4<0>, C4<0>, C4<0>;
v0x55e8b7216020_0 .net/2u *"_ivl_12", 4 0, L_0x7ad7e5a9d3c0;  1 drivers
v0x55e8b7216100_0 .net *"_ivl_14", 0 0, L_0x55e8b7235fc0;  1 drivers
v0x55e8b72161c0_0 .net *"_ivl_17", 0 0, L_0x55e8b72360f0;  1 drivers
v0x55e8b7216280_0 .net *"_ivl_18", 0 0, L_0x55e8b72361f0;  1 drivers
v0x55e8b7216340_0 .net *"_ivl_2", 0 0, L_0x55e8b7235d80;  1 drivers
v0x55e8b7216400_0 .net *"_ivl_21", 0 0, L_0x55e8b7236350;  1 drivers
L_0x7ad7e5a9d408 .functor BUFT 1, C4<11111>, C4<0>, C4<0>, C4<0>;
v0x55e8b72164c0_0 .net/2u *"_ivl_22", 4 0, L_0x7ad7e5a9d408;  1 drivers
v0x55e8b72165a0_0 .net *"_ivl_24", 0 0, L_0x55e8b7236440;  1 drivers
v0x55e8b7216660_0 .net *"_ivl_27", 0 0, L_0x55e8b7236530;  1 drivers
v0x55e8b7216720_0 .net *"_ivl_28", 0 0, L_0x55e8b7236630;  1 drivers
v0x55e8b72167e0_0 .net *"_ivl_31", 0 0, L_0x55e8b7236710;  1 drivers
v0x55e8b72168a0_0 .net *"_ivl_33", 0 0, L_0x55e8b7236860;  1 drivers
v0x55e8b7216960_0 .net *"_ivl_35", 0 0, L_0x55e8b7236950;  1 drivers
L_0x7ad7e5a9d450 .functor BUFT 1, C4<01>, C4<0>, C4<0>, C4<0>;
v0x55e8b7216a20_0 .net/2u *"_ivl_36", 1 0, L_0x7ad7e5a9d450;  1 drivers
L_0x7ad7e5a9d498 .functor BUFT 1, C4<00>, C4<0>, C4<0>, C4<0>;
v0x55e8b7216b00_0 .net/2u *"_ivl_38", 1 0, L_0x7ad7e5a9d498;  1 drivers
v0x55e8b7216be0_0 .net *"_ivl_40", 1 0, L_0x55e8b7236b70;  1 drivers
L_0x7ad7e5a9d4e0 .functor BUFT 1, C4<11111>, C4<0>, C4<0>, C4<0>;
v0x55e8b7216cc0_0 .net/2u *"_ivl_44", 4 0, L_0x7ad7e5a9d4e0;  1 drivers
v0x55e8b7216da0_0 .net *"_ivl_46", 0 0, L_0x55e8b7236ee0;  1 drivers
v0x55e8b7216e60_0 .net *"_ivl_49", 0 0, L_0x55e8b7237140;  1 drivers
v0x55e8b7216f20_0 .net *"_ivl_5", 0 0, L_0x55e8b72358f0;  1 drivers
v0x55e8b7216fe0_0 .net *"_ivl_50", 0 0, L_0x55e8b7237200;  1 drivers
v0x55e8b72170a0_0 .net *"_ivl_53", 0 0, L_0x55e8b72372a0;  1 drivers
L_0x7ad7e5a9d528 .functor BUFT 1, C4<10>, C4<0>, C4<0>, C4<0>;
v0x55e8b7217160_0 .net/2u *"_ivl_54", 1 0, L_0x7ad7e5a9d528;  1 drivers
L_0x7ad7e5a9d570 .functor BUFT 1, C4<11111>, C4<0>, C4<0>, C4<0>;
v0x55e8b7217240_0 .net/2u *"_ivl_56", 4 0, L_0x7ad7e5a9d570;  1 drivers
v0x55e8b7217320_0 .net *"_ivl_58", 0 0, L_0x55e8b72373b0;  1 drivers
v0x55e8b72173e0_0 .net *"_ivl_6", 0 0, L_0x55e8b7235eb0;  1 drivers
v0x55e8b72174a0_0 .net *"_ivl_61", 0 0, L_0x55e8b7237510;  1 drivers
v0x55e8b7217560_0 .net *"_ivl_62", 0 0, L_0x55e8b7237630;  1 drivers
v0x55e8b7217620_0 .net *"_ivl_65", 0 0, L_0x55e8b72376d0;  1 drivers
L_0x7ad7e5a9d5b8 .functor BUFT 1, C4<11111>, C4<0>, C4<0>, C4<0>;
v0x55e8b72176e0_0 .net/2u *"_ivl_66", 4 0, L_0x7ad7e5a9d5b8;  1 drivers
v0x55e8b72177c0_0 .net *"_ivl_68", 0 0, L_0x55e8b7237740;  1 drivers
v0x55e8b7217880_0 .net *"_ivl_71", 0 0, L_0x55e8b72374a0;  1 drivers
v0x55e8b7217940_0 .net *"_ivl_72", 0 0, L_0x55e8b7237970;  1 drivers
v0x55e8b7217a00_0 .net *"_ivl_75", 0 0, L_0x55e8b7237a10;  1 drivers
v0x55e8b7217ac0_0 .net *"_ivl_77", 0 0, L_0x55e8b7237b20;  1 drivers
v0x55e8b7217b80_0 .net *"_ivl_79", 0 0, L_0x55e8b7237ca0;  1 drivers
L_0x7ad7e5a9d600 .functor BUFT 1, C4<01>, C4<0>, C4<0>, C4<0>;
v0x55e8b7217c40_0 .net/2u *"_ivl_80", 1 0, L_0x7ad7e5a9d600;  1 drivers
L_0x7ad7e5a9d648 .functor BUFT 1, C4<00>, C4<0>, C4<0>, C4<0>;
v0x55e8b7217d20_0 .net/2u *"_ivl_82", 1 0, L_0x7ad7e5a9d648;  1 drivers
v0x55e8b7217e00_0 .net *"_ivl_84", 1 0, L_0x55e8b7237e30;  1 drivers
v0x55e8b7217ee0_0 .net *"_ivl_9", 0 0, L_0x55e8b7235f50;  1 drivers
v0x55e8b7217fa0_0 .net "muxa", 1 0, L_0x55e8b7236d50;  alias, 1 drivers
v0x55e8b7218090_0 .net "muxb", 1 0, L_0x55e8b7237fc0;  alias, 1 drivers
L_0x55e8b7235d80 .cmp/ne 5, v0x55e8b7210b70_0, L_0x7ad7e5a9d330;
L_0x55e8b7235eb0 .cmp/eq 5, v0x55e8b7210b70_0, v0x55e8b7211c90_0;
L_0x55e8b7235fc0 .cmp/ne 5, v0x55e8b7210c50_0, L_0x7ad7e5a9d3c0;
L_0x55e8b72361f0 .cmp/eq 5, v0x55e8b7210c50_0, v0x55e8b7211c90_0;
L_0x55e8b7236440 .cmp/ne 5, v0x55e8b7210b70_0, L_0x7ad7e5a9d408;
L_0x55e8b7236630 .cmp/eq 5, v0x55e8b7210b70_0, v0x55e8b7211c90_0;
L_0x55e8b7236860 .reduce/nor L_0x55e8b7236710;
L_0x55e8b7236b70 .functor MUXZ 2, L_0x7ad7e5a9d498, L_0x7ad7e5a9d450, L_0x55e8b7236950, C4<>;
L_0x55e8b7236d50 .functor MUXZ 2, L_0x55e8b7236b70, L_0x7ad7e5a9d378, L_0x55e8b7235f50, C4<>;
L_0x55e8b7236ee0 .cmp/ne 5, v0x55e8b7210b70_0, L_0x7ad7e5a9d4e0;
L_0x55e8b7237200 .cmp/eq 5, v0x55e8b7210b70_0, v0x55e8b7211ae0_0;
L_0x55e8b72373b0 .cmp/ne 5, v0x55e8b7210c50_0, L_0x7ad7e5a9d570;
L_0x55e8b7237630 .cmp/eq 5, v0x55e8b7210c50_0, v0x55e8b7211ae0_0;
L_0x55e8b7237740 .cmp/ne 5, v0x55e8b7210b70_0, L_0x7ad7e5a9d5b8;
L_0x55e8b7237970 .cmp/eq 5, v0x55e8b7210b70_0, v0x55e8b7211ae0_0;
L_0x55e8b7237b20 .reduce/nor L_0x55e8b7237a10;
L_0x55e8b7237e30 .functor MUXZ 2, L_0x7ad7e5a9d648, L_0x7ad7e5a9d600, L_0x55e8b7237ca0, C4<>;
L_0x55e8b7237fc0 .functor MUXZ 2, L_0x55e8b7237e30, L_0x7ad7e5a9d528, L_0x55e8b72372a0, C4<>;
S_0x55e8b7218240 .scope module, "hazard" "hazarddetectionunit" 6 92, 14 1 0, S_0x55e8b720b5d0;
 .timescale -9 -12;
    .port_info 0 /INPUT 5 "Rd_ex";
    .port_info 1 /INPUT 1 "Memread_ex";
    .port_info 2 /INPUT 1 "Regwrite_ex";
    .port_info 3 /INPUT 5 "Rd_mem";
    .port_info 4 /INPUT 1 "MemtoReg_mem";
    .port_info 5 /INPUT 5 "Rn_id";
    .port_info 6 /INPUT 5 "Rm_id";
    .port_info 7 /INPUT 1 "Branch_id";
    .port_info 8 /OUTPUT 1 "hazardmux_id";
    .port_info 9 /OUTPUT 1 "idhold";
    .port_info 10 /OUTPUT 1 "pchold";
v0x55e8b72184a0_0 .net "Branch_id", 0 0, v0x55e8b720bdb0_0;  alias, 1 drivers
v0x55e8b72185b0_0 .net "Memread_ex", 0 0, v0x55e8b720fef0_0;  alias, 1 drivers
v0x55e8b7218670_0 .net "MemtoReg_mem", 0 0, v0x55e8b7210480_0;  alias, 1 drivers
v0x55e8b7218770_0 .net "Rd_ex", 4 0, v0x55e8b72109b0_0;  alias, 1 drivers
v0x55e8b7218840_0 .net "Rd_mem", 4 0, v0x55e8b7210b70_0;  alias, 1 drivers
v0x55e8b7218980_0 .net "Regwrite_ex", 0 0, v0x55e8b7211670_0;  alias, 1 drivers
v0x55e8b7218a20_0 .net "Rm_id", 4 0, L_0x55e8b7232d30;  alias, 1 drivers
v0x55e8b7218b10_0 .net "Rn_id", 4 0, L_0x55e8b7232ea0;  alias, 1 drivers
v0x55e8b7218c00_0 .var "branch_dep_ex", 0 0;
v0x55e8b7218ca0_0 .var "branch_dep_mem_load", 0 0;
v0x55e8b7218d40_0 .var "hazardmux_id", 0 0;
v0x55e8b7218de0_0 .var "idhold", 0 0;
v0x55e8b7218e80_0 .var "load_use_hazard", 0 0;
v0x55e8b7218f20_0 .var "pchold", 0 0;
v0x55e8b7218fc0_0 .var "stall_req", 0 0;
E_0x55e8b72183f0/0 .event anyedge, v0x55e8b720fef0_0, v0x55e8b72109b0_0, v0x55e8b720e700_0, v0x55e8b720e620_0;
E_0x55e8b72183f0/1 .event anyedge, v0x55e8b720bdb0_0, v0x55e8b7211670_0, v0x55e8b7210480_0, v0x55e8b7210b70_0;
E_0x55e8b72183f0 .event/or E_0x55e8b72183f0/0, E_0x55e8b72183f0/1;
S_0x55e8b721b4c0 .scope module, "data_sram" "sram_wrapper" 4 34, 15 1 0, S_0x55e8b71faad0;
 .timescale -9 -12;
    .port_info 0 /INPUT 1 "clk";
    .port_info 1 /INPUT 1 "rst";
    .port_info 2 /INPUT 64 "addr";
    .port_info 3 /INPUT 64 "wdata";
    .port_info 4 /INPUT 1 "we";
    .port_info 5 /INPUT 1 "re";
    .port_info 6 /OUTPUT 1 "ready";
    .port_info 7 /OUTPUT 64 "rdata";
P_0x55e8b72199b0 .param/l "IDLE" 1 15 14, C4<0>;
P_0x55e8b72199f0 .param/l "WAIT" 1 15 15, C4<1>;
L_0x55e8b7238510 .functor OR 1, L_0x55e8b72356f0, L_0x55e8b7235590, C4<0>, C4<0>;
L_0x7ad7e5a9d6d8 .functor BUFT 1, C4<0>, C4<0>, C4<0>, C4<0>;
L_0x55e8b7238580 .functor XNOR 1, v0x55e8b72202b0_0, L_0x7ad7e5a9d6d8, C4<0>, C4<0>;
L_0x55e8b7238640 .functor AND 1, L_0x55e8b7238580, L_0x55e8b7238510, C4<1>, C4<1>;
L_0x7ad7e5a9d720 .functor BUFT 1, C4<1>, C4<0>, C4<0>, C4<0>;
L_0x55e8b7238750 .functor XNOR 1, v0x55e8b72202b0_0, L_0x7ad7e5a9d720, C4<0>, C4<0>;
L_0x55e8b72389a0 .functor NOT 1, L_0x55e8b7238640, C4<0>, C4<0>, C4<0>;
L_0x55e8b7238a60 .functor NOT 1, L_0x55e8b7235590, C4<0>, C4<0>, C4<0>;
v0x55e8b721f650_0 .net/2u *"_ivl_2", 0 0, L_0x7ad7e5a9d6d8;  1 drivers
v0x55e8b721f750_0 .net *"_ivl_4", 0 0, L_0x55e8b7238580;  1 drivers
v0x55e8b721f810_0 .net/2u *"_ivl_8", 0 0, L_0x7ad7e5a9d720;  1 drivers
v0x55e8b721f900_0 .net "addr", 63 0, L_0x55e8b7235340;  alias, 1 drivers
v0x55e8b721f9c0_0 .net "clk", 0 0, v0x55e8b72210e0_0;  alias, 1 drivers
v0x55e8b721fbc0_0 .net "csb0", 0 0, L_0x55e8b72389a0;  1 drivers
v0x55e8b721fcb0_0 .net "dout_high", 31 0, v0x55e8b721cf90_0;  1 drivers
v0x55e8b721fd70_0 .net "dout_low", 31 0, v0x55e8b721edd0_0;  1 drivers
v0x55e8b721fe10_0 .net "rdata", 63 0, L_0x55e8b7238860;  alias, 1 drivers
v0x55e8b721feb0_0 .net "re", 0 0, L_0x55e8b72356f0;  alias, 1 drivers
v0x55e8b721ffa0_0 .net "ready", 0 0, L_0x55e8b7238750;  alias, 1 drivers
v0x55e8b7220090_0 .net "request", 0 0, L_0x55e8b7238510;  1 drivers
v0x55e8b7220150_0 .net "request_fire", 0 0, L_0x55e8b7238640;  1 drivers
v0x55e8b7220210_0 .net "rst", 0 0, v0x55e8b72218d0_0;  alias, 1 drivers
v0x55e8b72202b0_0 .var "state", 0 0;
v0x55e8b7220370_0 .net "wdata", 63 0, v0x55e8b7211320_0;  alias, 1 drivers
v0x55e8b7220480_0 .net "we", 0 0, L_0x55e8b7235590;  alias, 1 drivers
v0x55e8b7220680_0 .net "web0", 0 0, L_0x55e8b7238a60;  1 drivers
L_0x55e8b7238860 .concat [ 32 32 0 0], v0x55e8b721edd0_0, v0x55e8b721cf90_0;
L_0x55e8b7238b10 .part L_0x55e8b7235340, 0, 8;
L_0x55e8b7238bb0 .part v0x55e8b7211320_0, 0, 32;
L_0x55e8b7238c50 .part L_0x55e8b7235340, 0, 8;
L_0x55e8b7238cf0 .part v0x55e8b7211320_0, 32, 32;
S_0x55e8b721b8a0 .scope module, "SRAM_HIGH" "sky130_sram_1kbyte_1rw1r_32x256_8" 15 77, 16 6 0, S_0x55e8b721b4c0;
 .timescale -9 -12;
    .port_info 0 /INPUT 1 "clk0";
    .port_info 1 /INPUT 1 "csb0";
    .port_info 2 /INPUT 1 "web0";
    .port_info 3 /INPUT 4 "wmask0";
    .port_info 4 /INPUT 8 "addr0";
    .port_info 5 /INPUT 32 "din0";
    .port_info 6 /OUTPUT 32 "dout0";
    .port_info 7 /INPUT 1 "clk1";
    .port_info 8 /INPUT 1 "csb1";
    .port_info 9 /INPUT 8 "addr1";
    .port_info 10 /OUTPUT 32 "dout1";
P_0x55e8b721ba80 .param/l "ADDR_WIDTH" 0 16 19, +C4<00000000000000000000000000001000>;
P_0x55e8b721bac0 .param/l "DATA_WIDTH" 0 16 18, +C4<00000000000000000000000000100000>;
P_0x55e8b721bb00 .param/l "DELAY" 0 16 22, +C4<00000000000000000000000000000011>;
P_0x55e8b721bb40 .param/l "NUM_WMASKS" 0 16 17, +C4<00000000000000000000000000000100>;
P_0x55e8b721bb80 .param/l "RAM_DEPTH" 0 16 20, +C4<0000000000000000000000000000000100000000>;
P_0x55e8b721bbc0 .param/l "T_HOLD" 0 16 24, +C4<00000000000000000000000000000001>;
P_0x55e8b721bc00 .param/l "VERBOSE" 0 16 23, +C4<00000000000000000000000000000001>;
v0x55e8b721c570_0 .net "addr0", 7 0, L_0x55e8b7238c50;  1 drivers
v0x55e8b721c630_0 .var "addr0_reg", 7 0;
L_0x7ad7e5a9d8d0 .functor BUFT 1, C4<00000000>, C4<0>, C4<0>, C4<0>;
v0x55e8b721c710_0 .net "addr1", 7 0, L_0x7ad7e5a9d8d0;  1 drivers
v0x55e8b721c7d0_0 .var "addr1_reg", 7 0;
v0x55e8b721c8b0_0 .net "clk0", 0 0, v0x55e8b72210e0_0;  alias, 1 drivers
v0x55e8b721c9a0_0 .net "clk1", 0 0, v0x55e8b72210e0_0;  alias, 1 drivers
v0x55e8b721ca40_0 .net "csb0", 0 0, L_0x55e8b72389a0;  alias, 1 drivers
v0x55e8b721cb00_0 .var "csb0_reg", 0 0;
L_0x7ad7e5a9d888 .functor BUFT 1, C4<1>, C4<0>, C4<0>, C4<0>;
v0x55e8b721cbc0_0 .net "csb1", 0 0, L_0x7ad7e5a9d888;  1 drivers
v0x55e8b721cd10_0 .var "csb1_reg", 0 0;
v0x55e8b721cdd0_0 .net "din0", 31 0, L_0x55e8b7238cf0;  1 drivers
v0x55e8b721ceb0_0 .var "din0_reg", 31 0;
v0x55e8b721cf90_0 .var "dout0", 31 0;
v0x55e8b721d070_0 .var "dout1", 31 0;
v0x55e8b721d150 .array "mem", 255 0, 31 0;
v0x55e8b721d210_0 .net "web0", 0 0, L_0x55e8b7238a60;  alias, 1 drivers
v0x55e8b721d2d0_0 .var "web0_reg", 0 0;
L_0x7ad7e5a9d840 .functor BUFT 1, C4<1111>, C4<0>, C4<0>, C4<0>;
v0x55e8b721d4a0_0 .net "wmask0", 3 0, L_0x7ad7e5a9d840;  1 drivers
v0x55e8b721d580_0 .var "wmask0_reg", 3 0;
E_0x55e8b721bf10 .event negedge, v0x55e8b720da40_0;
S_0x55e8b721bf90 .scope begin, "MEM_READ0" "MEM_READ0" 16 101, 16 101 0, S_0x55e8b721b8a0;
 .timescale -9 -12;
S_0x55e8b721c190 .scope begin, "MEM_READ1" "MEM_READ1" 16 109, 16 109 0, S_0x55e8b721b8a0;
 .timescale -9 -12;
S_0x55e8b721c390 .scope begin, "MEM_WRITE0" "MEM_WRITE0" 16 85, 16 85 0, S_0x55e8b721b8a0;
 .timescale -9 -12;
S_0x55e8b721d820 .scope module, "SRAM_LOW" "sky130_sram_1kbyte_1rw1r_32x256_8" 15 61, 16 6 0, S_0x55e8b721b4c0;
 .timescale -9 -12;
    .port_info 0 /INPUT 1 "clk0";
    .port_info 1 /INPUT 1 "csb0";
    .port_info 2 /INPUT 1 "web0";
    .port_info 3 /INPUT 4 "wmask0";
    .port_info 4 /INPUT 8 "addr0";
    .port_info 5 /INPUT 32 "din0";
    .port_info 6 /OUTPUT 32 "dout0";
    .port_info 7 /INPUT 1 "clk1";
    .port_info 8 /INPUT 1 "csb1";
    .port_info 9 /INPUT 8 "addr1";
    .port_info 10 /OUTPUT 32 "dout1";
P_0x55e8b721d9d0 .param/l "ADDR_WIDTH" 0 16 19, +C4<00000000000000000000000000001000>;
P_0x55e8b721da10 .param/l "DATA_WIDTH" 0 16 18, +C4<00000000000000000000000000100000>;
P_0x55e8b721da50 .param/l "DELAY" 0 16 22, +C4<00000000000000000000000000000011>;
P_0x55e8b721da90 .param/l "NUM_WMASKS" 0 16 17, +C4<00000000000000000000000000000100>;
P_0x55e8b721dad0 .param/l "RAM_DEPTH" 0 16 20, +C4<0000000000000000000000000000000100000000>;
P_0x55e8b721db10 .param/l "T_HOLD" 0 16 24, +C4<00000000000000000000000000000001>;
P_0x55e8b721db50 .param/l "VERBOSE" 0 16 23, +C4<00000000000000000000000000000001>;
v0x55e8b721e450_0 .net "addr0", 7 0, L_0x55e8b7238b10;  1 drivers
v0x55e8b721e510_0 .var "addr0_reg", 7 0;
L_0x7ad7e5a9d7f8 .functor BUFT 1, C4<00000000>, C4<0>, C4<0>, C4<0>;
v0x55e8b721e5f0_0 .net "addr1", 7 0, L_0x7ad7e5a9d7f8;  1 drivers
v0x55e8b721e6e0_0 .var "addr1_reg", 7 0;
v0x55e8b721e7c0_0 .net "clk0", 0 0, v0x55e8b72210e0_0;  alias, 1 drivers
v0x55e8b721e8b0_0 .net "clk1", 0 0, v0x55e8b72210e0_0;  alias, 1 drivers
v0x55e8b721e950_0 .net "csb0", 0 0, L_0x55e8b72389a0;  alias, 1 drivers
v0x55e8b721e9f0_0 .var "csb0_reg", 0 0;
L_0x7ad7e5a9d7b0 .functor BUFT 1, C4<1>, C4<0>, C4<0>, C4<0>;
v0x55e8b721ea90_0 .net "csb1", 0 0, L_0x7ad7e5a9d7b0;  1 drivers
v0x55e8b721eb50_0 .var "csb1_reg", 0 0;
v0x55e8b721ec10_0 .net "din0", 31 0, L_0x55e8b7238bb0;  1 drivers
v0x55e8b721ecf0_0 .var "din0_reg", 31 0;
v0x55e8b721edd0_0 .var "dout0", 31 0;
v0x55e8b721eeb0_0 .var "dout1", 31 0;
v0x55e8b721ef90 .array "mem", 255 0, 31 0;
v0x55e8b721f050_0 .net "web0", 0 0, L_0x55e8b7238a60;  alias, 1 drivers
v0x55e8b721f120_0 .var "web0_reg", 0 0;
L_0x7ad7e5a9d768 .functor BUFT 1, C4<1111>, C4<0>, C4<0>, C4<0>;
v0x55e8b721f2d0_0 .net "wmask0", 3 0, L_0x7ad7e5a9d768;  1 drivers
v0x55e8b721f3b0_0 .var "wmask0_reg", 3 0;
S_0x55e8b721dee0 .scope begin, "MEM_READ0" "MEM_READ0" 16 101, 16 101 0, S_0x55e8b721d820;
 .timescale -9 -12;
S_0x55e8b721e070 .scope begin, "MEM_READ1" "MEM_READ1" 16 109, 16 109 0, S_0x55e8b721d820;
 .timescale -9 -12;
S_0x55e8b721e270 .scope begin, "MEM_WRITE0" "MEM_WRITE0" 16 85, 16 85 0, S_0x55e8b721d820;
 .timescale -9 -12;
    .scope S_0x55e8b720d800;
T_3 ;
    %wait E_0x55e8b720d9e0;
    %load/vec4 v0x55e8b720dd90_0;
    %flag_set/vec4 8;
    %jmp/0xz  T_3.0, 8;
    %pushi/vec4 0, 0, 64;
    %assign/vec4 v0x55e8b720db00_0, 0;
    %jmp T_3.1;
T_3.0 ;
    %load/vec4 v0x55e8b720dcd0_0;
    %flag_set/vec4 8;
    %jmp/0xz  T_3.2, 8;
    %load/vec4 v0x55e8b720db00_0;
    %assign/vec4 v0x55e8b720db00_0, 0;
    %jmp T_3.3;
T_3.2 ;
    %load/vec4 v0x55e8b720dbe0_0;
    %assign/vec4 v0x55e8b720db00_0, 0;
T_3.3 ;
T_3.1 ;
    %jmp T_3;
    .thread T_3;
    .scope S_0x55e8b720ef60;
T_4 ;
Ewait_0 .event/or E_0x55e8b720f1c0, E_0x0;
    %wait Ewait_0;
    %fork t_1, S_0x55e8b720f270;
    %jmp t_0;
    .scope S_0x55e8b720f270;
t_1 ;
    %load/vec4 v0x55e8b720f630_0;
    %dup/vec4;
    %pushi/vec4 1986, 0, 11;
    %cmp/u;
    %jmp/1 T_4.0, 6;
    %dup/vec4;
    %pushi/vec4 1984, 0, 11;
    %cmp/u;
    %jmp/1 T_4.1, 6;
    %dup/vec4;
    %pushi/vec4 160, 0, 11;
    %cmp/u;
    %jmp/1 T_4.2, 6;
    %dup/vec4;
    %pushi/vec4 1440, 0, 11;
    %cmp/u;
    %jmp/1 T_4.3, 6;
    %dup/vec4;
    %pushi/vec4 1160, 0, 11;
    %cmp/u;
    %jmp/1 T_4.4, 6;
    %pushi/vec4 0, 0, 64;
    %store/vec4 v0x55e8b720f470_0, 0, 64;
    %jmp T_4.6;
T_4.0 ;
    %load/vec4 v0x55e8b720f570_0;
    %parti/s 1, 20, 6;
    %replicate 55;
    %load/vec4 v0x55e8b720f570_0;
    %parti/s 9, 12, 5;
    %concat/vec4; draw_concat_vec4
    %store/vec4 v0x55e8b720f470_0, 0, 64;
    %jmp T_4.6;
T_4.1 ;
    %load/vec4 v0x55e8b720f570_0;
    %parti/s 1, 20, 6;
    %replicate 55;
    %load/vec4 v0x55e8b720f570_0;
    %parti/s 9, 12, 5;
    %concat/vec4; draw_concat_vec4
    %store/vec4 v0x55e8b720f470_0, 0, 64;
    %jmp T_4.6;
T_4.2 ;
    %load/vec4 v0x55e8b720f570_0;
    %parti/s 1, 25, 6;
    %replicate 38;
    %load/vec4 v0x55e8b720f570_0;
    %parti/s 26, 0, 2;
    %concat/vec4; draw_concat_vec4
    %store/vec4 v0x55e8b720f470_0, 0, 64;
    %jmp T_4.6;
T_4.3 ;
    %load/vec4 v0x55e8b720f570_0;
    %parti/s 1, 23, 6;
    %replicate 45;
    %load/vec4 v0x55e8b720f570_0;
    %parti/s 19, 5, 4;
    %concat/vec4; draw_concat_vec4
    %store/vec4 v0x55e8b720f470_0, 0, 64;
    %jmp T_4.6;
T_4.4 ;
    %load/vec4 v0x55e8b720f570_0;
    %parti/s 1, 21, 6;
    %replicate 52;
    %load/vec4 v0x55e8b720f570_0;
    %parti/s 12, 10, 5;
    %concat/vec4; draw_concat_vec4
    %store/vec4 v0x55e8b720f470_0, 0, 64;
    %jmp T_4.6;
T_4.6 ;
    %pop/vec4 1;
    %end;
    .scope S_0x55e8b720ef60;
t_0 %join;
    %jmp T_4;
    .thread T_4, $push;
    .scope S_0x55e8b720df40;
T_5 ;
    %pushi/vec4 1, 0, 64;
    %ix/load 4, 0, 0;
    %flag_set/imm 4, 0;
    %store/vec4a v0x55e8b720edc0, 4, 0;
    %pushi/vec4 2, 0, 64;
    %ix/load 4, 1, 0;
    %flag_set/imm 4, 0;
    %store/vec4a v0x55e8b720edc0, 4, 0;
    %pushi/vec4 3, 0, 64;
    %ix/load 4, 2, 0;
    %flag_set/imm 4, 0;
    %store/vec4a v0x55e8b720edc0, 4, 0;
    %pushi/vec4 4, 0, 64;
    %ix/load 4, 3, 0;
    %flag_set/imm 4, 0;
    %store/vec4a v0x55e8b720edc0, 4, 0;
    %pushi/vec4 5, 0, 64;
    %ix/load 4, 4, 0;
    %flag_set/imm 4, 0;
    %store/vec4a v0x55e8b720edc0, 4, 0;
    %pushi/vec4 6, 0, 64;
    %ix/load 4, 5, 0;
    %flag_set/imm 4, 0;
    %store/vec4a v0x55e8b720edc0, 4, 0;
    %pushi/vec4 7, 0, 64;
    %ix/load 4, 6, 0;
    %flag_set/imm 4, 0;
    %store/vec4a v0x55e8b720edc0, 4, 0;
    %pushi/vec4 8, 0, 64;
    %ix/load 4, 7, 0;
    %flag_set/imm 4, 0;
    %store/vec4a v0x55e8b720edc0, 4, 0;
    %pushi/vec4 9, 0, 64;
    %ix/load 4, 8, 0;
    %flag_set/imm 4, 0;
    %store/vec4a v0x55e8b720edc0, 4, 0;
    %pushi/vec4 10, 0, 64;
    %ix/load 4, 9, 0;
    %flag_set/imm 4, 0;
    %store/vec4a v0x55e8b720edc0, 4, 0;
    %pushi/vec4 11, 0, 64;
    %ix/load 4, 10, 0;
    %flag_set/imm 4, 0;
    %store/vec4a v0x55e8b720edc0, 4, 0;
    %pushi/vec4 0, 0, 64;
    %ix/load 4, 11, 0;
    %flag_set/imm 4, 0;
    %store/vec4a v0x55e8b720edc0, 4, 0;
    %pushi/vec4 13, 0, 64;
    %ix/load 4, 12, 0;
    %flag_set/imm 4, 0;
    %store/vec4a v0x55e8b720edc0, 4, 0;
    %pushi/vec4 14, 0, 64;
    %ix/load 4, 13, 0;
    %flag_set/imm 4, 0;
    %store/vec4a v0x55e8b720edc0, 4, 0;
    %pushi/vec4 15, 0, 64;
    %ix/load 4, 14, 0;
    %flag_set/imm 4, 0;
    %store/vec4a v0x55e8b720edc0, 4, 0;
    %pushi/vec4 16, 0, 64;
    %ix/load 4, 15, 0;
    %flag_set/imm 4, 0;
    %store/vec4a v0x55e8b720edc0, 4, 0;
    %pushi/vec4 17, 0, 64;
    %ix/load 4, 16, 0;
    %flag_set/imm 4, 0;
    %store/vec4a v0x55e8b720edc0, 4, 0;
    %pushi/vec4 18, 0, 64;
    %ix/load 4, 17, 0;
    %flag_set/imm 4, 0;
    %store/vec4a v0x55e8b720edc0, 4, 0;
    %pushi/vec4 19, 0, 64;
    %ix/load 4, 18, 0;
    %flag_set/imm 4, 0;
    %store/vec4a v0x55e8b720edc0, 4, 0;
    %pushi/vec4 20, 0, 64;
    %ix/load 4, 19, 0;
    %flag_set/imm 4, 0;
    %store/vec4a v0x55e8b720edc0, 4, 0;
    %pushi/vec4 21, 0, 64;
    %ix/load 4, 20, 0;
    %flag_set/imm 4, 0;
    %store/vec4a v0x55e8b720edc0, 4, 0;
    %pushi/vec4 22, 0, 64;
    %ix/load 4, 21, 0;
    %flag_set/imm 4, 0;
    %store/vec4a v0x55e8b720edc0, 4, 0;
    %pushi/vec4 23, 0, 64;
    %ix/load 4, 22, 0;
    %flag_set/imm 4, 0;
    %store/vec4a v0x55e8b720edc0, 4, 0;
    %pushi/vec4 24, 0, 64;
    %ix/load 4, 23, 0;
    %flag_set/imm 4, 0;
    %store/vec4a v0x55e8b720edc0, 4, 0;
    %pushi/vec4 25, 0, 64;
    %ix/load 4, 24, 0;
    %flag_set/imm 4, 0;
    %store/vec4a v0x55e8b720edc0, 4, 0;
    %pushi/vec4 26, 0, 64;
    %ix/load 4, 25, 0;
    %flag_set/imm 4, 0;
    %store/vec4a v0x55e8b720edc0, 4, 0;
    %pushi/vec4 27, 0, 64;
    %ix/load 4, 26, 0;
    %flag_set/imm 4, 0;
    %store/vec4a v0x55e8b720edc0, 4, 0;
    %pushi/vec4 28, 0, 64;
    %ix/load 4, 27, 0;
    %flag_set/imm 4, 0;
    %store/vec4a v0x55e8b720edc0, 4, 0;
    %pushi/vec4 29, 0, 64;
    %ix/load 4, 28, 0;
    %flag_set/imm 4, 0;
    %store/vec4a v0x55e8b720edc0, 4, 0;
    %pushi/vec4 30, 0, 64;
    %ix/load 4, 29, 0;
    %flag_set/imm 4, 0;
    %store/vec4a v0x55e8b720edc0, 4, 0;
    %pushi/vec4 31, 0, 64;
    %ix/load 4, 30, 0;
    %flag_set/imm 4, 0;
    %store/vec4a v0x55e8b720edc0, 4, 0;
    %pushi/vec4 0, 0, 64;
    %ix/load 4, 31, 0;
    %flag_set/imm 4, 0;
    %store/vec4a v0x55e8b720edc0, 4, 0;
    %end;
    .thread T_5;
    .scope S_0x55e8b720df40;
T_6 ;
    %wait E_0x55e8b720d9e0;
    %load/vec4 v0x55e8b720e430_0;
    %flag_set/vec4 9;
    %flag_get/vec4 9;
    %jmp/0 T_6.2, 9;
    %load/vec4 v0x55e8b720e190_0;
    %pushi/vec4 31, 0, 5;
    %cmp/ne;
    %flag_get/vec4 4;
    %and;
T_6.2;
    %flag_set/vec4 8;
    %jmp/0xz  T_6.0, 8;
    %load/vec4 v0x55e8b720e4f0_0;
    %load/vec4 v0x55e8b720e190_0;
    %pad/u 7;
    %ix/vec4 3;
    %ix/load 4, 0, 0; Constant delay
    %assign/vec4/a/d v0x55e8b720edc0, 0, 4;
T_6.0 ;
    %jmp T_6;
    .thread T_6;
    .scope S_0x55e8b720cc00;
T_7 ;
Ewait_1 .event/or E_0x55e8b720ce20, E_0x0;
    %wait Ewait_1;
    %fork t_3, S_0x55e8b720ceb0;
    %jmp t_2;
    .scope S_0x55e8b720ceb0;
t_3 ;
    %load/vec4 v0x55e8b720d0b0_0;
    %dup/vec4;
    %pushi/vec4 0, 0, 4;
    %cmp/u;
    %jmp/1 T_7.0, 6;
    %dup/vec4;
    %pushi/vec4 1, 0, 4;
    %cmp/u;
    %jmp/1 T_7.1, 6;
    %dup/vec4;
    %pushi/vec4 2, 0, 4;
    %cmp/u;
    %jmp/1 T_7.2, 6;
    %dup/vec4;
    %pushi/vec4 6, 0, 4;
    %cmp/u;
    %jmp/1 T_7.3, 6;
    %dup/vec4;
    %pushi/vec4 7, 0, 4;
    %cmp/u;
    %jmp/1 T_7.4, 6;
    %dup/vec4;
    %pushi/vec4 12, 0, 4;
    %cmp/u;
    %jmp/1 T_7.5, 6;
    %dup/vec4;
    %pushi/vec4 14, 0, 4;
    %cmp/u;
    %jmp/1 T_7.6, 6;
    %pushi/vec4 0, 0, 64;
    %store/vec4 v0x55e8b720d350_0, 0, 64;
    %jmp T_7.8;
T_7.0 ;
    %load/vec4 v0x55e8b720d1b0_0;
    %load/vec4 v0x55e8b720d290_0;
    %and;
    %store/vec4 v0x55e8b720d350_0, 0, 64;
    %jmp T_7.8;
T_7.1 ;
    %load/vec4 v0x55e8b720d1b0_0;
    %load/vec4 v0x55e8b720d290_0;
    %or;
    %store/vec4 v0x55e8b720d350_0, 0, 64;
    %jmp T_7.8;
T_7.2 ;
    %load/vec4 v0x55e8b720d1b0_0;
    %load/vec4 v0x55e8b720d290_0;
    %add;
    %store/vec4 v0x55e8b720d350_0, 0, 64;
    %jmp T_7.8;
T_7.3 ;
    %load/vec4 v0x55e8b720d1b0_0;
    %load/vec4 v0x55e8b720d290_0;
    %sub;
    %store/vec4 v0x55e8b720d350_0, 0, 64;
    %jmp T_7.8;
T_7.4 ;
    %load/vec4 v0x55e8b720d290_0;
    %store/vec4 v0x55e8b720d350_0, 0, 64;
    %jmp T_7.8;
T_7.5 ;
    %load/vec4 v0x55e8b720d1b0_0;
    %load/vec4 v0x55e8b720d290_0;
    %or;
    %inv;
    %store/vec4 v0x55e8b720d350_0, 0, 64;
    %jmp T_7.8;
T_7.6 ;
    %load/vec4 v0x55e8b720d1b0_0;
    %ix/getv 4, v0x55e8b720d430_0;
    %shiftl 4;
    %store/vec4 v0x55e8b720d350_0, 0, 64;
    %jmp T_7.8;
T_7.8 ;
    %pop/vec4 1;
    %end;
    .scope S_0x55e8b720cc00;
t_2 %join;
    %jmp T_7;
    .thread T_7, $push;
    .scope S_0x55e8b720c620;
T_8 ;
Ewait_2 .event/or E_0x55e8b71e8a40, E_0x0;
    %wait Ewait_2;
    %load/vec4 v0x55e8b7211230_0;
    %store/vec4 v0x55e8b72138a0_0, 0, 64;
    %load/vec4 v0x55e8b7211880_0;
    %flag_set/vec4 11;
    %flag_get/vec4 11;
    %jmp/0 T_8.4, 11;
    %load/vec4 v0x55e8b7210480_0;
    %nor/r;
    %and;
T_8.4;
    %flag_set/vec4 10;
    %flag_get/vec4 10;
    %jmp/0 T_8.3, 10;
    %load/vec4 v0x55e8b7210b70_0;
    %pushi/vec4 31, 0, 5;
    %cmp/ne;
    %flag_get/vec4 4;
    %and;
T_8.3;
    %flag_set/vec4 9;
    %flag_get/vec4 9;
    %jmp/0 T_8.2, 9;
    %load/vec4 v0x55e8b7210b70_0;
    %load/vec4 v0x55e8b7211ba0_0;
    %cmp/e;
    %flag_get/vec4 4;
    %and;
T_8.2;
    %flag_set/vec4 8;
    %jmp/0xz  T_8.0, 8;
    %load/vec4 v0x55e8b7214d90_0;
    %store/vec4 v0x55e8b72138a0_0, 0, 64;
    %jmp T_8.1;
T_8.0 ;
    %load/vec4 v0x55e8b7211940_0;
    %flag_set/vec4 10;
    %flag_get/vec4 10;
    %jmp/0 T_8.8, 10;
    %load/vec4 v0x55e8b7210c50_0;
    %pushi/vec4 31, 0, 5;
    %cmp/ne;
    %flag_get/vec4 4;
    %and;
T_8.8;
    %flag_set/vec4 9;
    %flag_get/vec4 9;
    %jmp/0 T_8.7, 9;
    %load/vec4 v0x55e8b7210c50_0;
    %load/vec4 v0x55e8b7211ba0_0;
    %cmp/e;
    %flag_get/vec4 4;
    %and;
T_8.7;
    %flag_set/vec4 8;
    %jmp/0xz  T_8.5, 8;
    %load/vec4 v0x55e8b7211a10_0;
    %store/vec4 v0x55e8b72138a0_0, 0, 64;
T_8.5 ;
T_8.1 ;
    %jmp T_8;
    .thread T_8, $push;
    .scope S_0x55e8b720c620;
T_9 ;
Ewait_3 .event/or E_0x55e8b71e8400, E_0x0;
    %wait Ewait_3;
    %fork t_5, S_0x55e8b720f760;
    %jmp t_4;
    .scope S_0x55e8b720f760;
t_5 ;
    %load/vec4 v0x55e8b720ff90_0;
    %store/vec4 v0x55e8b72100f0_0, 0, 1;
    %load/vec4 v0x55e8b7210310_0;
    %store/vec4 v0x55e8b72103e0_0, 0, 1;
    %load/vec4 v0x55e8b72106c0_0;
    %store/vec4 v0x55e8b7210790_0, 0, 1;
    %load/vec4 v0x55e8b720fa00_0;
    %store/vec4 v0x55e8b720faf0_0, 0, 1;
    %load/vec4 v0x55e8b7211710_0;
    %store/vec4 v0x55e8b72117e0_0, 0, 1;
    %load/vec4 v0x55e8b720fc90_0;
    %store/vec4 v0x55e8b720fd80_0, 0, 4;
    %load/vec4 v0x55e8b7213f00_0;
    %flag_set/vec4 8;
    %jmp/0xz  T_9.0, 8;
    %pushi/vec4 0, 0, 1;
    %store/vec4 v0x55e8b72100f0_0, 0, 1;
    %pushi/vec4 0, 0, 1;
    %store/vec4 v0x55e8b72103e0_0, 0, 1;
    %pushi/vec4 0, 0, 1;
    %store/vec4 v0x55e8b7210790_0, 0, 1;
    %pushi/vec4 0, 0, 1;
    %store/vec4 v0x55e8b720faf0_0, 0, 1;
    %pushi/vec4 0, 0, 1;
    %store/vec4 v0x55e8b72117e0_0, 0, 1;
    %pushi/vec4 0, 0, 4;
    %store/vec4 v0x55e8b720fd80_0, 0, 4;
T_9.0 ;
    %end;
    .scope S_0x55e8b720c620;
t_4 %join;
    %jmp T_9;
    .thread T_9, $push;
    .scope S_0x55e8b720c620;
T_10 ;
Ewait_4 .event/or E_0x55e8b71e8980, E_0x0;
    %wait Ewait_4;
    %fork t_7, S_0x55e8b720d600;
    %jmp t_6;
    .scope S_0x55e8b720d600;
t_7 ;
    %load/vec4 v0x55e8b7210540_0;
    %flag_set/vec4 8;
    %jmp/0xz  T_10.0, 8;
    %load/vec4 v0x55e8b72114c0_0;
    %store/vec4 v0x55e8b7211a10_0, 0, 64;
    %jmp T_10.1;
T_10.0 ;
    %load/vec4 v0x55e8b7214e50_0;
    %store/vec4 v0x55e8b7211a10_0, 0, 64;
T_10.1 ;
    %end;
    .scope S_0x55e8b720c620;
t_6 %join;
    %jmp T_10;
    .thread T_10, $push;
    .scope S_0x55e8b720c620;
T_11 ;
    %wait E_0x55e8b720d9e0;
    %load/vec4 v0x55e8b7214f30_0;
    %flag_set/vec4 8;
    %jmp/0xz  T_11.0, 8;
    %pushi/vec4 0, 0, 32;
    %assign/vec4 v0x55e8b7214210_0, 0;
    %pushi/vec4 0, 0, 64;
    %assign/vec4 v0x55e8b72148a0_0, 0;
    %pushi/vec4 0, 0, 64;
    %assign/vec4 v0x55e8b7210d40_0, 0;
    %pushi/vec4 0, 0, 64;
    %assign/vec4 v0x55e8b7210fc0_0, 0;
    %pushi/vec4 0, 0, 1;
    %assign/vec4 v0x55e8b720fef0_0, 0;
    %pushi/vec4 0, 0, 1;
    %assign/vec4 v0x55e8b7210250_0, 0;
    %pushi/vec4 0, 0, 1;
    %assign/vec4 v0x55e8b7210600_0, 0;
    %pushi/vec4 0, 0, 1;
    %assign/vec4 v0x55e8b720f940_0, 0;
    %pushi/vec4 0, 0, 1;
    %assign/vec4 v0x55e8b7211670_0, 0;
    %pushi/vec4 0, 0, 4;
    %assign/vec4 v0x55e8b720fbc0_0, 0;
    %pushi/vec4 0, 0, 6;
    %assign/vec4 v0x55e8b7215000_0, 0;
    %pushi/vec4 0, 0, 5;
    %assign/vec4 v0x55e8b7211ae0_0, 0;
    %pushi/vec4 0, 0, 5;
    %assign/vec4 v0x55e8b7211c90_0, 0;
    %pushi/vec4 0, 0, 5;
    %assign/vec4 v0x55e8b72109b0_0, 0;
    %pushi/vec4 0, 0, 64;
    %assign/vec4 v0x55e8b7211e40_0, 0;
    %pushi/vec4 0, 0, 1;
    %assign/vec4 v0x55e8b7210190_0, 0;
    %pushi/vec4 0, 0, 1;
    %assign/vec4 v0x55e8b7210480_0, 0;
    %pushi/vec4 0, 0, 1;
    %assign/vec4 v0x55e8b7210830_0, 0;
    %pushi/vec4 0, 0, 1;
    %assign/vec4 v0x55e8b7211880_0, 0;
    %pushi/vec4 0, 0, 5;
    %assign/vec4 v0x55e8b7210b70_0, 0;
    %pushi/vec4 0, 0, 64;
    %assign/vec4 v0x55e8b7214d90_0, 0;
    %pushi/vec4 0, 0, 64;
    %assign/vec4 v0x55e8b7211320_0, 0;
    %pushi/vec4 0, 0, 1;
    %assign/vec4 v0x55e8b7210540_0, 0;
    %pushi/vec4 0, 0, 1;
    %assign/vec4 v0x55e8b7211940_0, 0;
    %pushi/vec4 0, 0, 5;
    %assign/vec4 v0x55e8b7210c50_0, 0;
    %pushi/vec4 0, 0, 64;
    %assign/vec4 v0x55e8b7214e50_0, 0;
    %pushi/vec4 0, 0, 64;
    %assign/vec4 v0x55e8b72114c0_0, 0;
    %jmp T_11.1;
T_11.0 ;
    %load/vec4 v0x55e8b72144a0_0;
    %flag_set/vec4 8;
    %jmp/0xz  T_11.2, 8;
    %load/vec4 v0x55e8b7214210_0;
    %assign/vec4 v0x55e8b7214210_0, 0;
    %load/vec4 v0x55e8b72148a0_0;
    %assign/vec4 v0x55e8b72148a0_0, 0;
    %load/vec4 v0x55e8b7210d40_0;
    %assign/vec4 v0x55e8b7210d40_0, 0;
    %load/vec4 v0x55e8b7210fc0_0;
    %assign/vec4 v0x55e8b7210fc0_0, 0;
    %load/vec4 v0x55e8b720fef0_0;
    %assign/vec4 v0x55e8b720fef0_0, 0;
    %load/vec4 v0x55e8b7210250_0;
    %assign/vec4 v0x55e8b7210250_0, 0;
    %load/vec4 v0x55e8b7210600_0;
    %assign/vec4 v0x55e8b7210600_0, 0;
    %load/vec4 v0x55e8b720f940_0;
    %assign/vec4 v0x55e8b720f940_0, 0;
    %load/vec4 v0x55e8b7211670_0;
    %assign/vec4 v0x55e8b7211670_0, 0;
    %load/vec4 v0x55e8b720fbc0_0;
    %assign/vec4 v0x55e8b720fbc0_0, 0;
    %load/vec4 v0x55e8b7215000_0;
    %assign/vec4 v0x55e8b7215000_0, 0;
    %load/vec4 v0x55e8b7211ae0_0;
    %assign/vec4 v0x55e8b7211ae0_0, 0;
    %load/vec4 v0x55e8b7211c90_0;
    %assign/vec4 v0x55e8b7211c90_0, 0;
    %load/vec4 v0x55e8b72109b0_0;
    %assign/vec4 v0x55e8b72109b0_0, 0;
    %load/vec4 v0x55e8b7211e40_0;
    %assign/vec4 v0x55e8b7211e40_0, 0;
    %load/vec4 v0x55e8b7210190_0;
    %assign/vec4 v0x55e8b7210190_0, 0;
    %load/vec4 v0x55e8b7210480_0;
    %assign/vec4 v0x55e8b7210480_0, 0;
    %load/vec4 v0x55e8b7210830_0;
    %assign/vec4 v0x55e8b7210830_0, 0;
    %load/vec4 v0x55e8b7211880_0;
    %assign/vec4 v0x55e8b7211880_0, 0;
    %load/vec4 v0x55e8b7210b70_0;
    %assign/vec4 v0x55e8b7210b70_0, 0;
    %load/vec4 v0x55e8b7214d90_0;
    %assign/vec4 v0x55e8b7214d90_0, 0;
    %load/vec4 v0x55e8b7211320_0;
    %assign/vec4 v0x55e8b7211320_0, 0;
    %pushi/vec4 0, 0, 1;
    %assign/vec4 v0x55e8b7210540_0, 0;
    %pushi/vec4 0, 0, 1;
    %assign/vec4 v0x55e8b7211940_0, 0;
    %pushi/vec4 0, 0, 5;
    %assign/vec4 v0x55e8b7210c50_0, 0;
    %pushi/vec4 0, 0, 64;
    %assign/vec4 v0x55e8b7214e50_0, 0;
    %pushi/vec4 0, 0, 64;
    %assign/vec4 v0x55e8b72114c0_0, 0;
    %jmp T_11.3;
T_11.2 ;
    %load/vec4 v0x55e8b7213fc0_0;
    %flag_set/vec4 8;
    %jmp/0xz  T_11.4, 8;
    %load/vec4 v0x55e8b7214210_0;
    %assign/vec4 v0x55e8b7214210_0, 0;
    %load/vec4 v0x55e8b72148a0_0;
    %assign/vec4 v0x55e8b72148a0_0, 0;
    %load/vec4 v0x55e8b7210ef0_0;
    %assign/vec4 v0x55e8b7210d40_0, 0;
    %load/vec4 v0x55e8b7211230_0;
    %assign/vec4 v0x55e8b7210fc0_0, 0;
    %load/vec4 v0x55e8b72100f0_0;
    %assign/vec4 v0x55e8b720fef0_0, 0;
    %load/vec4 v0x55e8b72103e0_0;
    %assign/vec4 v0x55e8b7210250_0, 0;
    %load/vec4 v0x55e8b7210790_0;
    %assign/vec4 v0x55e8b7210600_0, 0;
    %load/vec4 v0x55e8b720faf0_0;
    %assign/vec4 v0x55e8b720f940_0, 0;
    %load/vec4 v0x55e8b72117e0_0;
    %assign/vec4 v0x55e8b7211670_0, 0;
    %load/vec4 v0x55e8b720fd80_0;
    %assign/vec4 v0x55e8b720fbc0_0, 0;
    %load/vec4 v0x55e8b72150d0_0;
    %assign/vec4 v0x55e8b7215000_0, 0;
    %load/vec4 v0x55e8b7211ba0_0;
    %assign/vec4 v0x55e8b7211ae0_0, 0;
    %load/vec4 v0x55e8b7211d50_0;
    %assign/vec4 v0x55e8b7211c90_0, 0;
    %load/vec4 v0x55e8b7210a90_0;
    %assign/vec4 v0x55e8b72109b0_0, 0;
    %load/vec4 v0x55e8b7211f00_0;
    %assign/vec4 v0x55e8b7211e40_0, 0;
    %load/vec4 v0x55e8b720fef0_0;
    %assign/vec4 v0x55e8b7210190_0, 0;
    %load/vec4 v0x55e8b7210250_0;
    %assign/vec4 v0x55e8b7210480_0, 0;
    %load/vec4 v0x55e8b7210600_0;
    %assign/vec4 v0x55e8b7210830_0, 0;
    %load/vec4 v0x55e8b7211670_0;
    %assign/vec4 v0x55e8b7211880_0, 0;
    %load/vec4 v0x55e8b72109b0_0;
    %assign/vec4 v0x55e8b7210b70_0, 0;
    %load/vec4 v0x55e8b7214ca0_0;
    %assign/vec4 v0x55e8b7214d90_0, 0;
    %load/vec4 v0x55e8b7211170_0;
    %assign/vec4 v0x55e8b7211320_0, 0;
    %load/vec4 v0x55e8b7210480_0;
    %assign/vec4 v0x55e8b7210540_0, 0;
    %load/vec4 v0x55e8b7211880_0;
    %assign/vec4 v0x55e8b7211940_0, 0;
    %load/vec4 v0x55e8b7210b70_0;
    %assign/vec4 v0x55e8b7210c50_0, 0;
    %load/vec4 v0x55e8b7214d90_0;
    %assign/vec4 v0x55e8b7214e50_0, 0;
    %load/vec4 v0x55e8b72113e0_0;
    %assign/vec4 v0x55e8b72114c0_0, 0;
    %jmp T_11.5;
T_11.4 ;
    %load/vec4 v0x55e8b72108f0_0;
    %flag_set/vec4 8;
    %jmp/0xz  T_11.6, 8;
    %pushi/vec4 0, 0, 32;
    %assign/vec4 v0x55e8b7214210_0, 0;
    %pushi/vec4 0, 0, 64;
    %assign/vec4 v0x55e8b72148a0_0, 0;
    %load/vec4 v0x55e8b7210ef0_0;
    %assign/vec4 v0x55e8b7210d40_0, 0;
    %load/vec4 v0x55e8b7211230_0;
    %assign/vec4 v0x55e8b7210fc0_0, 0;
    %load/vec4 v0x55e8b72100f0_0;
    %assign/vec4 v0x55e8b720fef0_0, 0;
    %load/vec4 v0x55e8b72103e0_0;
    %assign/vec4 v0x55e8b7210250_0, 0;
    %load/vec4 v0x55e8b7210790_0;
    %assign/vec4 v0x55e8b7210600_0, 0;
    %load/vec4 v0x55e8b720faf0_0;
    %assign/vec4 v0x55e8b720f940_0, 0;
    %load/vec4 v0x55e8b72117e0_0;
    %assign/vec4 v0x55e8b7211670_0, 0;
    %load/vec4 v0x55e8b720fd80_0;
    %assign/vec4 v0x55e8b720fbc0_0, 0;
    %load/vec4 v0x55e8b72150d0_0;
    %assign/vec4 v0x55e8b7215000_0, 0;
    %load/vec4 v0x55e8b7211ba0_0;
    %assign/vec4 v0x55e8b7211ae0_0, 0;
    %load/vec4 v0x55e8b7211d50_0;
    %assign/vec4 v0x55e8b7211c90_0, 0;
    %load/vec4 v0x55e8b7210a90_0;
    %assign/vec4 v0x55e8b72109b0_0, 0;
    %load/vec4 v0x55e8b7211f00_0;
    %assign/vec4 v0x55e8b7211e40_0, 0;
    %load/vec4 v0x55e8b720fef0_0;
    %assign/vec4 v0x55e8b7210190_0, 0;
    %load/vec4 v0x55e8b7210250_0;
    %assign/vec4 v0x55e8b7210480_0, 0;
    %load/vec4 v0x55e8b7210600_0;
    %assign/vec4 v0x55e8b7210830_0, 0;
    %load/vec4 v0x55e8b7211670_0;
    %assign/vec4 v0x55e8b7211880_0, 0;
    %load/vec4 v0x55e8b72109b0_0;
    %assign/vec4 v0x55e8b7210b70_0, 0;
    %load/vec4 v0x55e8b7214ca0_0;
    %assign/vec4 v0x55e8b7214d90_0, 0;
    %load/vec4 v0x55e8b7211170_0;
    %assign/vec4 v0x55e8b7211320_0, 0;
    %load/vec4 v0x55e8b7210480_0;
    %assign/vec4 v0x55e8b7210540_0, 0;
    %load/vec4 v0x55e8b7211880_0;
    %assign/vec4 v0x55e8b7211940_0, 0;
    %load/vec4 v0x55e8b7210b70_0;
    %assign/vec4 v0x55e8b7210c50_0, 0;
    %load/vec4 v0x55e8b7214d90_0;
    %assign/vec4 v0x55e8b7214e50_0, 0;
    %load/vec4 v0x55e8b72113e0_0;
    %assign/vec4 v0x55e8b72114c0_0, 0;
    %jmp T_11.7;
T_11.6 ;
    %load/vec4 v0x55e8b7214300_0;
    %assign/vec4 v0x55e8b7214210_0, 0;
    %load/vec4 v0x55e8b7214960_0;
    %assign/vec4 v0x55e8b72148a0_0, 0;
    %load/vec4 v0x55e8b7210ef0_0;
    %assign/vec4 v0x55e8b7210d40_0, 0;
    %load/vec4 v0x55e8b7211230_0;
    %assign/vec4 v0x55e8b7210fc0_0, 0;
    %load/vec4 v0x55e8b72100f0_0;
    %assign/vec4 v0x55e8b720fef0_0, 0;
    %load/vec4 v0x55e8b72103e0_0;
    %assign/vec4 v0x55e8b7210250_0, 0;
    %load/vec4 v0x55e8b7210790_0;
    %assign/vec4 v0x55e8b7210600_0, 0;
    %load/vec4 v0x55e8b720faf0_0;
    %assign/vec4 v0x55e8b720f940_0, 0;
    %load/vec4 v0x55e8b72117e0_0;
    %assign/vec4 v0x55e8b7211670_0, 0;
    %load/vec4 v0x55e8b720fd80_0;
    %assign/vec4 v0x55e8b720fbc0_0, 0;
    %load/vec4 v0x55e8b72150d0_0;
    %assign/vec4 v0x55e8b7215000_0, 0;
    %load/vec4 v0x55e8b7211ba0_0;
    %assign/vec4 v0x55e8b7211ae0_0, 0;
    %load/vec4 v0x55e8b7211d50_0;
    %assign/vec4 v0x55e8b7211c90_0, 0;
    %load/vec4 v0x55e8b7210a90_0;
    %assign/vec4 v0x55e8b72109b0_0, 0;
    %load/vec4 v0x55e8b7211f00_0;
    %assign/vec4 v0x55e8b7211e40_0, 0;
    %load/vec4 v0x55e8b720fef0_0;
    %assign/vec4 v0x55e8b7210190_0, 0;
    %load/vec4 v0x55e8b7210250_0;
    %assign/vec4 v0x55e8b7210480_0, 0;
    %load/vec4 v0x55e8b7210600_0;
    %assign/vec4 v0x55e8b7210830_0, 0;
    %load/vec4 v0x55e8b7211670_0;
    %assign/vec4 v0x55e8b7211880_0, 0;
    %load/vec4 v0x55e8b72109b0_0;
    %assign/vec4 v0x55e8b7210b70_0, 0;
    %load/vec4 v0x55e8b7214ca0_0;
    %assign/vec4 v0x55e8b7214d90_0, 0;
    %load/vec4 v0x55e8b7211170_0;
    %assign/vec4 v0x55e8b7211320_0, 0;
    %load/vec4 v0x55e8b7210480_0;
    %assign/vec4 v0x55e8b7210540_0, 0;
    %load/vec4 v0x55e8b7211880_0;
    %assign/vec4 v0x55e8b7211940_0, 0;
    %load/vec4 v0x55e8b7210b70_0;
    %assign/vec4 v0x55e8b7210c50_0, 0;
    %load/vec4 v0x55e8b7214d90_0;
    %assign/vec4 v0x55e8b7214e50_0, 0;
    %load/vec4 v0x55e8b72113e0_0;
    %assign/vec4 v0x55e8b72114c0_0, 0;
T_11.7 ;
T_11.5 ;
T_11.3 ;
T_11.1 ;
    %jmp T_11;
    .thread T_11;
    .scope S_0x55e8b720b7b0;
T_12 ;
Ewait_5 .event/or E_0x55e8b71e81d0, E_0x0;
    %wait Ewait_5;
    %fork t_9, S_0x55e8b720b9f0;
    %jmp t_8;
    .scope S_0x55e8b720b9f0;
t_9 ;
    %pushi/vec4 0, 0, 1;
    %store/vec4 v0x55e8b720c0e0_0, 0, 1;
    %pushi/vec4 0, 0, 1;
    %store/vec4 v0x55e8b720c260_0, 0, 1;
    %pushi/vec4 0, 0, 1;
    %store/vec4 v0x55e8b720bdb0_0, 0, 1;
    %pushi/vec4 0, 0, 1;
    %store/vec4 v0x55e8b720be50_0, 0, 1;
    %pushi/vec4 0, 0, 1;
    %store/vec4 v0x55e8b720bf10_0, 0, 1;
    %pushi/vec4 0, 0, 4;
    %store/vec4 v0x55e8b720bcd0_0, 0, 4;
    %pushi/vec4 0, 0, 1;
    %store/vec4 v0x55e8b720c020_0, 0, 1;
    %pushi/vec4 0, 0, 1;
    %store/vec4 v0x55e8b720bbf0_0, 0, 1;
    %pushi/vec4 0, 0, 1;
    %store/vec4 v0x55e8b720c1a0_0, 0, 1;
    %load/vec4 v0x55e8b720c320_0;
    %parti/s 6, 26, 6;
    %cmpi/e 5, 0, 6;
    %jmp/0xz  T_12.0, 4;
    %pushi/vec4 0, 0, 1;
    %store/vec4 v0x55e8b720c0e0_0, 0, 1;
    %pushi/vec4 1, 0, 1;
    %store/vec4 v0x55e8b720c260_0, 0, 1;
    %pushi/vec4 0, 0, 1;
    %store/vec4 v0x55e8b720bdb0_0, 0, 1;
    %pushi/vec4 0, 0, 1;
    %store/vec4 v0x55e8b720be50_0, 0, 1;
    %pushi/vec4 0, 0, 1;
    %store/vec4 v0x55e8b720bf10_0, 0, 1;
    %pushi/vec4 0, 0, 4;
    %store/vec4 v0x55e8b720bcd0_0, 0, 4;
    %pushi/vec4 0, 0, 1;
    %store/vec4 v0x55e8b720c020_0, 0, 1;
    %pushi/vec4 0, 0, 1;
    %store/vec4 v0x55e8b720bbf0_0, 0, 1;
    %pushi/vec4 0, 0, 1;
    %store/vec4 v0x55e8b720c1a0_0, 0, 1;
    %jmp T_12.1;
T_12.0 ;
    %load/vec4 v0x55e8b720c320_0;
    %parti/s 8, 24, 6;
    %cmpi/e 180, 0, 8;
    %jmp/0xz  T_12.2, 4;
    %pushi/vec4 1, 0, 1;
    %store/vec4 v0x55e8b720c0e0_0, 0, 1;
    %pushi/vec4 0, 0, 1;
    %store/vec4 v0x55e8b720c260_0, 0, 1;
    %pushi/vec4 1, 0, 1;
    %store/vec4 v0x55e8b720bdb0_0, 0, 1;
    %pushi/vec4 0, 0, 1;
    %store/vec4 v0x55e8b720be50_0, 0, 1;
    %pushi/vec4 0, 0, 1;
    %store/vec4 v0x55e8b720bf10_0, 0, 1;
    %pushi/vec4 7, 0, 4;
    %store/vec4 v0x55e8b720bcd0_0, 0, 4;
    %pushi/vec4 0, 0, 1;
    %store/vec4 v0x55e8b720c020_0, 0, 1;
    %pushi/vec4 0, 0, 1;
    %store/vec4 v0x55e8b720bbf0_0, 0, 1;
    %pushi/vec4 0, 0, 1;
    %store/vec4 v0x55e8b720c1a0_0, 0, 1;
    %jmp T_12.3;
T_12.2 ;
    %load/vec4 v0x55e8b720c400_0;
    %dup/vec4;
    %pushi/vec4 1112, 0, 11;
    %cmp/u;
    %jmp/1 T_12.4, 6;
    %dup/vec4;
    %pushi/vec4 1624, 0, 11;
    %cmp/u;
    %jmp/1 T_12.5, 6;
    %dup/vec4;
    %pushi/vec4 1986, 0, 11;
    %cmp/u;
    %jmp/1 T_12.6, 6;
    %dup/vec4;
    %pushi/vec4 1984, 0, 11;
    %cmp/u;
    %jmp/1 T_12.7, 6;
    %dup/vec4;
    %pushi/vec4 1104, 0, 11;
    %cmp/u;
    %jmp/1 T_12.8, 6;
    %dup/vec4;
    %pushi/vec4 1360, 0, 11;
    %cmp/u;
    %jmp/1 T_12.9, 6;
    %dup/vec4;
    %pushi/vec4 1160, 0, 11;
    %cmp/u;
    %jmp/1 T_12.10, 6;
    %dup/vec4;
    %pushi/vec4 1691, 0, 11;
    %cmp/u;
    %jmp/1 T_12.11, 6;
    %pushi/vec4 0, 0, 1;
    %store/vec4 v0x55e8b720c0e0_0, 0, 1;
    %pushi/vec4 0, 0, 1;
    %store/vec4 v0x55e8b720c260_0, 0, 1;
    %pushi/vec4 0, 0, 1;
    %store/vec4 v0x55e8b720bdb0_0, 0, 1;
    %pushi/vec4 0, 0, 1;
    %store/vec4 v0x55e8b720be50_0, 0, 1;
    %pushi/vec4 0, 0, 1;
    %store/vec4 v0x55e8b720bf10_0, 0, 1;
    %pushi/vec4 0, 0, 4;
    %store/vec4 v0x55e8b720bcd0_0, 0, 4;
    %pushi/vec4 0, 0, 1;
    %store/vec4 v0x55e8b720c020_0, 0, 1;
    %pushi/vec4 0, 0, 1;
    %store/vec4 v0x55e8b720bbf0_0, 0, 1;
    %pushi/vec4 0, 0, 1;
    %store/vec4 v0x55e8b720c1a0_0, 0, 1;
    %jmp T_12.13;
T_12.4 ;
    %pushi/vec4 0, 0, 1;
    %store/vec4 v0x55e8b720c0e0_0, 0, 1;
    %pushi/vec4 0, 0, 1;
    %store/vec4 v0x55e8b720c260_0, 0, 1;
    %pushi/vec4 0, 0, 1;
    %store/vec4 v0x55e8b720bdb0_0, 0, 1;
    %pushi/vec4 0, 0, 1;
    %store/vec4 v0x55e8b720be50_0, 0, 1;
    %pushi/vec4 0, 0, 1;
    %store/vec4 v0x55e8b720bf10_0, 0, 1;
    %pushi/vec4 2, 0, 4;
    %store/vec4 v0x55e8b720bcd0_0, 0, 4;
    %pushi/vec4 0, 0, 1;
    %store/vec4 v0x55e8b720c020_0, 0, 1;
    %pushi/vec4 0, 0, 1;
    %store/vec4 v0x55e8b720bbf0_0, 0, 1;
    %pushi/vec4 1, 0, 1;
    %store/vec4 v0x55e8b720c1a0_0, 0, 1;
    %jmp T_12.13;
T_12.5 ;
    %pushi/vec4 0, 0, 1;
    %store/vec4 v0x55e8b720c0e0_0, 0, 1;
    %pushi/vec4 0, 0, 1;
    %store/vec4 v0x55e8b720c260_0, 0, 1;
    %pushi/vec4 0, 0, 1;
    %store/vec4 v0x55e8b720bdb0_0, 0, 1;
    %pushi/vec4 0, 0, 1;
    %store/vec4 v0x55e8b720be50_0, 0, 1;
    %pushi/vec4 0, 0, 1;
    %store/vec4 v0x55e8b720bf10_0, 0, 1;
    %pushi/vec4 6, 0, 4;
    %store/vec4 v0x55e8b720bcd0_0, 0, 4;
    %pushi/vec4 0, 0, 1;
    %store/vec4 v0x55e8b720c020_0, 0, 1;
    %pushi/vec4 0, 0, 1;
    %store/vec4 v0x55e8b720bbf0_0, 0, 1;
    %pushi/vec4 1, 0, 1;
    %store/vec4 v0x55e8b720c1a0_0, 0, 1;
    %jmp T_12.13;
T_12.6 ;
    %pushi/vec4 0, 0, 1;
    %store/vec4 v0x55e8b720c0e0_0, 0, 1;
    %pushi/vec4 0, 0, 1;
    %store/vec4 v0x55e8b720c260_0, 0, 1;
    %pushi/vec4 0, 0, 1;
    %store/vec4 v0x55e8b720bdb0_0, 0, 1;
    %pushi/vec4 1, 0, 1;
    %store/vec4 v0x55e8b720be50_0, 0, 1;
    %pushi/vec4 1, 0, 1;
    %store/vec4 v0x55e8b720bf10_0, 0, 1;
    %pushi/vec4 2, 0, 4;
    %store/vec4 v0x55e8b720bcd0_0, 0, 4;
    %pushi/vec4 0, 0, 1;
    %store/vec4 v0x55e8b720c020_0, 0, 1;
    %pushi/vec4 1, 0, 1;
    %store/vec4 v0x55e8b720bbf0_0, 0, 1;
    %pushi/vec4 1, 0, 1;
    %store/vec4 v0x55e8b720c1a0_0, 0, 1;
    %jmp T_12.13;
T_12.7 ;
    %pushi/vec4 1, 0, 1;
    %store/vec4 v0x55e8b720c0e0_0, 0, 1;
    %pushi/vec4 0, 0, 1;
    %store/vec4 v0x55e8b720c260_0, 0, 1;
    %pushi/vec4 0, 0, 1;
    %store/vec4 v0x55e8b720bdb0_0, 0, 1;
    %pushi/vec4 0, 0, 1;
    %store/vec4 v0x55e8b720be50_0, 0, 1;
    %pushi/vec4 0, 0, 1;
    %store/vec4 v0x55e8b720bf10_0, 0, 1;
    %pushi/vec4 2, 0, 4;
    %store/vec4 v0x55e8b720bcd0_0, 0, 4;
    %pushi/vec4 1, 0, 1;
    %store/vec4 v0x55e8b720c020_0, 0, 1;
    %pushi/vec4 1, 0, 1;
    %store/vec4 v0x55e8b720bbf0_0, 0, 1;
    %pushi/vec4 0, 0, 1;
    %store/vec4 v0x55e8b720c1a0_0, 0, 1;
    %jmp T_12.13;
T_12.8 ;
    %pushi/vec4 0, 0, 1;
    %store/vec4 v0x55e8b720c0e0_0, 0, 1;
    %pushi/vec4 0, 0, 1;
    %store/vec4 v0x55e8b720c260_0, 0, 1;
    %pushi/vec4 0, 0, 1;
    %store/vec4 v0x55e8b720bdb0_0, 0, 1;
    %pushi/vec4 0, 0, 1;
    %store/vec4 v0x55e8b720be50_0, 0, 1;
    %pushi/vec4 0, 0, 1;
    %store/vec4 v0x55e8b720bf10_0, 0, 1;
    %pushi/vec4 0, 0, 4;
    %store/vec4 v0x55e8b720bcd0_0, 0, 4;
    %pushi/vec4 0, 0, 1;
    %store/vec4 v0x55e8b720c020_0, 0, 1;
    %pushi/vec4 0, 0, 1;
    %store/vec4 v0x55e8b720bbf0_0, 0, 1;
    %pushi/vec4 1, 0, 1;
    %store/vec4 v0x55e8b720c1a0_0, 0, 1;
    %jmp T_12.13;
T_12.9 ;
    %pushi/vec4 0, 0, 1;
    %store/vec4 v0x55e8b720c0e0_0, 0, 1;
    %pushi/vec4 0, 0, 1;
    %store/vec4 v0x55e8b720c260_0, 0, 1;
    %pushi/vec4 0, 0, 1;
    %store/vec4 v0x55e8b720bdb0_0, 0, 1;
    %pushi/vec4 0, 0, 1;
    %store/vec4 v0x55e8b720be50_0, 0, 1;
    %pushi/vec4 0, 0, 1;
    %store/vec4 v0x55e8b720bf10_0, 0, 1;
    %pushi/vec4 1, 0, 4;
    %store/vec4 v0x55e8b720bcd0_0, 0, 4;
    %pushi/vec4 0, 0, 1;
    %store/vec4 v0x55e8b720c020_0, 0, 1;
    %pushi/vec4 0, 0, 1;
    %store/vec4 v0x55e8b720bbf0_0, 0, 1;
    %pushi/vec4 1, 0, 1;
    %store/vec4 v0x55e8b720c1a0_0, 0, 1;
    %jmp T_12.13;
T_12.10 ;
    %pushi/vec4 0, 0, 1;
    %store/vec4 v0x55e8b720c0e0_0, 0, 1;
    %pushi/vec4 0, 0, 1;
    %store/vec4 v0x55e8b720c260_0, 0, 1;
    %pushi/vec4 0, 0, 1;
    %store/vec4 v0x55e8b720bdb0_0, 0, 1;
    %pushi/vec4 0, 0, 1;
    %store/vec4 v0x55e8b720be50_0, 0, 1;
    %pushi/vec4 0, 0, 1;
    %store/vec4 v0x55e8b720bf10_0, 0, 1;
    %pushi/vec4 2, 0, 4;
    %store/vec4 v0x55e8b720bcd0_0, 0, 4;
    %pushi/vec4 0, 0, 1;
    %store/vec4 v0x55e8b720c020_0, 0, 1;
    %pushi/vec4 1, 0, 1;
    %store/vec4 v0x55e8b720bbf0_0, 0, 1;
    %pushi/vec4 1, 0, 1;
    %store/vec4 v0x55e8b720c1a0_0, 0, 1;
    %jmp T_12.13;
T_12.11 ;
    %pushi/vec4 0, 0, 1;
    %store/vec4 v0x55e8b720c0e0_0, 0, 1;
    %pushi/vec4 0, 0, 1;
    %store/vec4 v0x55e8b720c260_0, 0, 1;
    %pushi/vec4 0, 0, 1;
    %store/vec4 v0x55e8b720bdb0_0, 0, 1;
    %pushi/vec4 0, 0, 1;
    %store/vec4 v0x55e8b720be50_0, 0, 1;
    %pushi/vec4 0, 0, 1;
    %store/vec4 v0x55e8b720bf10_0, 0, 1;
    %pushi/vec4 14, 0, 4;
    %store/vec4 v0x55e8b720bcd0_0, 0, 4;
    %pushi/vec4 0, 0, 1;
    %store/vec4 v0x55e8b720c020_0, 0, 1;
    %pushi/vec4 0, 0, 1;
    %store/vec4 v0x55e8b720bbf0_0, 0, 1;
    %pushi/vec4 1, 0, 1;
    %store/vec4 v0x55e8b720c1a0_0, 0, 1;
    %jmp T_12.13;
T_12.13 ;
    %pop/vec4 1;
T_12.3 ;
T_12.1 ;
    %end;
    .scope S_0x55e8b720b7b0;
t_8 %join;
    %jmp T_12;
    .thread T_12, $push;
    .scope S_0x55e8b7218240;
T_13 ;
Ewait_6 .event/or E_0x55e8b72183f0, E_0x0;
    %wait Ewait_6;
    %load/vec4 v0x55e8b72185b0_0;
    %flag_set/vec4 9;
    %flag_get/vec4 9;
    %jmp/0 T_13.1, 9;
    %load/vec4 v0x55e8b7218770_0;
    %pushi/vec4 31, 0, 5;
    %cmp/ne;
    %flag_get/vec4 4;
    %and;
T_13.1;
    %flag_set/vec4 8;
    %flag_get/vec4 8;
    %jmp/0 T_13.0, 8;
    %load/vec4 v0x55e8b7218b10_0;
    %load/vec4 v0x55e8b7218770_0;
    %cmp/e;
    %flag_get/vec4 4;
    %jmp/1 T_13.2, 4;
    %load/vec4 v0x55e8b7218a20_0;
    %load/vec4 v0x55e8b7218770_0;
    %cmp/e;
    %flag_get/vec4 4;
    %or;
T_13.2;
    %and;
T_13.0;
    %store/vec4 v0x55e8b7218e80_0, 0, 1;
    %load/vec4 v0x55e8b72184a0_0;
    %flag_set/vec4 10;
    %flag_get/vec4 10;
    %jmp/0 T_13.5, 10;
    %load/vec4 v0x55e8b7218980_0;
    %and;
T_13.5;
    %flag_set/vec4 9;
    %flag_get/vec4 9;
    %jmp/0 T_13.4, 9;
    %load/vec4 v0x55e8b7218770_0;
    %pushi/vec4 31, 0, 5;
    %cmp/ne;
    %flag_get/vec4 4;
    %and;
T_13.4;
    %flag_set/vec4 8;
    %flag_get/vec4 8;
    %jmp/0 T_13.3, 8;
    %load/vec4 v0x55e8b7218a20_0;
    %load/vec4 v0x55e8b7218770_0;
    %cmp/e;
    %flag_get/vec4 4;
    %and;
T_13.3;
    %store/vec4 v0x55e8b7218c00_0, 0, 1;
    %load/vec4 v0x55e8b72184a0_0;
    %flag_set/vec4 10;
    %flag_get/vec4 10;
    %jmp/0 T_13.8, 10;
    %load/vec4 v0x55e8b7218670_0;
    %and;
T_13.8;
    %flag_set/vec4 9;
    %flag_get/vec4 9;
    %jmp/0 T_13.7, 9;
    %load/vec4 v0x55e8b7218840_0;
    %pushi/vec4 31, 0, 5;
    %cmp/ne;
    %flag_get/vec4 4;
    %and;
T_13.7;
    %flag_set/vec4 8;
    %flag_get/vec4 8;
    %jmp/0 T_13.6, 8;
    %load/vec4 v0x55e8b7218a20_0;
    %load/vec4 v0x55e8b7218840_0;
    %cmp/e;
    %flag_get/vec4 4;
    %and;
T_13.6;
    %store/vec4 v0x55e8b7218ca0_0, 0, 1;
    %load/vec4 v0x55e8b7218e80_0;
    %load/vec4 v0x55e8b7218c00_0;
    %or;
    %load/vec4 v0x55e8b7218ca0_0;
    %or;
    %store/vec4 v0x55e8b7218fc0_0, 0, 1;
    %load/vec4 v0x55e8b7218fc0_0;
    %store/vec4 v0x55e8b7218d40_0, 0, 1;
    %load/vec4 v0x55e8b7218fc0_0;
    %store/vec4 v0x55e8b7218de0_0, 0, 1;
    %load/vec4 v0x55e8b7218fc0_0;
    %store/vec4 v0x55e8b7218f20_0, 0, 1;
    %jmp T_13;
    .thread T_13, $push;
    .scope S_0x55e8b71facd0;
T_14 ;
    %pushi/vec4 2332164131, 0, 32;
    %ix/load 4, 0, 0;
    %flag_set/imm 4, 0;
    %store/vec4a v0x55e8b71fb3a0, 4, 0;
    %pushi/vec4 3405840484, 0, 32;
    %ix/load 4, 1, 0;
    %flag_set/imm 4, 0;
    %store/vec4a v0x55e8b71fb3a0, 4, 0;
    %pushi/vec4 2315452549, 0, 32;
    %ix/load 4, 2, 0;
    %flag_set/imm 4, 0;
    %store/vec4a v0x55e8b71fb3a0, 4, 0;
    %pushi/vec4 2852389030, 0, 32;
    %ix/load 4, 3, 0;
    %flag_set/imm 4, 0;
    %store/vec4a v0x55e8b71fb3a0, 4, 0;
    %pushi/vec4 4164948297, 0, 32;
    %ix/load 4, 4, 0;
    %flag_set/imm 4, 0;
    %store/vec4a v0x55e8b71fb3a0, 4, 0;
    %pushi/vec4 2332098860, 0, 32;
    %ix/load 4, 5, 0;
    %flag_set/imm 4, 0;
    %store/vec4a v0x55e8b71fb3a0, 4, 0;
    %pushi/vec4 3405906317, 0, 32;
    %ix/load 4, 6, 0;
    %flag_set/imm 4, 0;
    %store/vec4a v0x55e8b71fb3a0, 4, 0;
    %pushi/vec4 3405840430, 0, 32;
    %ix/load 4, 7, 0;
    %flag_set/imm 4, 0;
    %store/vec4a v0x55e8b71fb3a0, 4, 0;
    %pushi/vec4 3019898958, 0, 32;
    %ix/load 4, 8, 0;
    %flag_set/imm 4, 0;
    %store/vec4a v0x55e8b71fb3a0, 4, 0;
    %pushi/vec4 2432698004, 0, 32;
    %ix/load 4, 9, 0;
    %flag_set/imm 4, 0;
    %store/vec4a v0x55e8b71fb3a0, 4, 0;
    %pushi/vec4 2432698037, 0, 32;
    %ix/load 4, 10, 0;
    %flag_set/imm 4, 0;
    %store/vec4a v0x55e8b71fb3a0, 4, 0;
    %pushi/vec4 2432697839, 0, 32;
    %ix/load 4, 11, 0;
    %flag_set/imm 4, 0;
    %store/vec4a v0x55e8b71fb3a0, 4, 0;
    %pushi/vec4 3019898959, 0, 32;
    %ix/load 4, 12, 0;
    %flag_set/imm 4, 0;
    %store/vec4a v0x55e8b71fb3a0, 4, 0;
    %pushi/vec4 2432698070, 0, 32;
    %ix/load 4, 13, 0;
    %flag_set/imm 4, 0;
    %store/vec4a v0x55e8b71fb3a0, 4, 0;
    %pushi/vec4 3405906000, 0, 32;
    %ix/load 4, 14, 0;
    %flag_set/imm 4, 0;
    %store/vec4a v0x55e8b71fb3a0, 4, 0;
    %pushi/vec4 3019898960, 0, 32;
    %ix/load 4, 15, 0;
    %flag_set/imm 4, 0;
    %store/vec4a v0x55e8b71fb3a0, 4, 0;
    %pushi/vec4 2432698103, 0, 32;
    %ix/load 4, 16, 0;
    %flag_set/imm 4, 0;
    %store/vec4a v0x55e8b71fb3a0, 4, 0;
    %pushi/vec4 2432698136, 0, 32;
    %ix/load 4, 17, 0;
    %flag_set/imm 4, 0;
    %store/vec4a v0x55e8b71fb3a0, 4, 0;
    %pushi/vec4 335544320, 0, 32;
    %ix/load 4, 18, 0;
    %flag_set/imm 4, 0;
    %store/vec4a v0x55e8b71fb3a0, 4, 0;
    %end;
    .thread T_14;
    .scope S_0x55e8b721d820;
T_15 ;
    %wait E_0x55e8b720d9e0;
    %load/vec4 v0x55e8b721e950_0;
    %store/vec4 v0x55e8b721e9f0_0, 0, 1;
    %load/vec4 v0x55e8b721f050_0;
    %store/vec4 v0x55e8b721f120_0, 0, 1;
    %load/vec4 v0x55e8b721f2d0_0;
    %store/vec4 v0x55e8b721f3b0_0, 0, 4;
    %load/vec4 v0x55e8b721e450_0;
    %store/vec4 v0x55e8b721e510_0, 0, 8;
    %load/vec4 v0x55e8b721ec10_0;
    %store/vec4 v0x55e8b721ecf0_0, 0, 32;
    %delay 1000, 0;
    %pushi/vec4 4294967295, 4294967295, 32;
    %store/vec4 v0x55e8b721edd0_0, 0, 32;
    %load/vec4 v0x55e8b721e9f0_0;
    %nor/r;
    %flag_set/vec4 10;
    %flag_get/vec4 10;
    %jmp/0 T_15.3, 10;
    %load/vec4 v0x55e8b721f120_0;
    %and;
T_15.3;
    %flag_set/vec4 9;
    %flag_get/vec4 9;
    %jmp/0 T_15.2, 9;
    %pushi/vec4 1, 0, 1;
    %and;
T_15.2;
    %flag_set/vec4 8;
    %jmp/0xz  T_15.0, 8;
    %load/vec4 v0x55e8b721e510_0;
    %pad/u 10;
    %ix/vec4 4;
    %load/vec4a v0x55e8b721ef90, 4;
    %vpi_call/w 16 59 "$display", $time, " Reading %m addr0=%b dout0=%b", v0x55e8b721e510_0, S<0,vec4,u32> {1 0 0};
T_15.0 ;
    %load/vec4 v0x55e8b721e9f0_0;
    %nor/r;
    %flag_set/vec4 10;
    %flag_get/vec4 10;
    %jmp/0 T_15.7, 10;
    %load/vec4 v0x55e8b721f120_0;
    %nor/r;
    %and;
T_15.7;
    %flag_set/vec4 9;
    %flag_get/vec4 9;
    %jmp/0 T_15.6, 9;
    %pushi/vec4 1, 0, 1;
    %and;
T_15.6;
    %flag_set/vec4 8;
    %jmp/0xz  T_15.4, 8;
    %vpi_call/w 16 61 "$display", $time, " Writing %m addr0=%b din0=%b wmask0=%b", v0x55e8b721e510_0, v0x55e8b721ecf0_0, v0x55e8b721f3b0_0 {0 0 0};
T_15.4 ;
    %jmp T_15;
    .thread T_15;
    .scope S_0x55e8b721d820;
T_16 ;
    %wait E_0x55e8b720d9e0;
    %load/vec4 v0x55e8b721ea90_0;
    %store/vec4 v0x55e8b721eb50_0, 0, 1;
    %load/vec4 v0x55e8b721e5f0_0;
    %store/vec4 v0x55e8b721e6e0_0, 0, 8;
    %load/vec4 v0x55e8b721e950_0;
    %nor/r;
    %flag_set/vec4 11;
    %flag_get/vec4 11;
    %jmp/0 T_16.4, 11;
    %load/vec4 v0x55e8b721f050_0;
    %nor/r;
    %and;
T_16.4;
    %flag_set/vec4 10;
    %flag_get/vec4 10;
    %jmp/0 T_16.3, 10;
    %load/vec4 v0x55e8b721ea90_0;
    %nor/r;
    %and;
T_16.3;
    %flag_set/vec4 9;
    %flag_get/vec4 9;
    %jmp/0 T_16.2, 9;
    %load/vec4 v0x55e8b721e450_0;
    %load/vec4 v0x55e8b721e5f0_0;
    %cmp/e;
    %flag_get/vec4 4;
    %and;
T_16.2;
    %flag_set/vec4 8;
    %jmp/0xz  T_16.0, 8;
    %vpi_call/w 16 74 "$display", $time, " WARNING: Writing and reading addr0=%b and addr1=%b simultaneously!", v0x55e8b721e450_0, v0x55e8b721e5f0_0 {0 0 0};
T_16.0 ;
    %delay 1000, 0;
    %pushi/vec4 4294967295, 4294967295, 32;
    %store/vec4 v0x55e8b721eeb0_0, 0, 32;
    %load/vec4 v0x55e8b721eb50_0;
    %nor/r;
    %flag_set/vec4 9;
    %flag_get/vec4 9;
    %jmp/0 T_16.7, 9;
    %pushi/vec4 1, 0, 1;
    %and;
T_16.7;
    %flag_set/vec4 8;
    %jmp/0xz  T_16.5, 8;
    %load/vec4 v0x55e8b721e6e0_0;
    %pad/u 10;
    %ix/vec4 4;
    %load/vec4a v0x55e8b721ef90, 4;
    %vpi_call/w 16 77 "$display", $time, " Reading %m addr1=%b dout1=%b", v0x55e8b721e6e0_0, S<0,vec4,u32> {1 0 0};
T_16.5 ;
    %jmp T_16;
    .thread T_16;
    .scope S_0x55e8b721d820;
T_17 ;
    %wait E_0x55e8b721bf10;
    %fork t_11, S_0x55e8b721e270;
    %jmp t_10;
    .scope S_0x55e8b721e270;
t_11 ;
    %load/vec4 v0x55e8b721e9f0_0;
    %nor/r;
    %flag_set/vec4 9;
    %flag_get/vec4 9;
    %jmp/0 T_17.2, 9;
    %load/vec4 v0x55e8b721f120_0;
    %nor/r;
    %and;
T_17.2;
    %flag_set/vec4 8;
    %jmp/0xz  T_17.0, 8;
    %load/vec4 v0x55e8b721f3b0_0;
    %parti/s 1, 0, 2;
    %flag_set/vec4 8;
    %jmp/0xz  T_17.3, 8;
    %load/vec4 v0x55e8b721ecf0_0;
    %parti/s 8, 0, 2;
    %load/vec4 v0x55e8b721e510_0;
    %pad/u 10;
    %ix/vec4 4;
    %flag_mov 8, 4;
    %ix/load 5, 0, 0;
    %flag_set/imm 4, 0;
    %flag_or 4, 8;
    %store/vec4a v0x55e8b721ef90, 4, 5;
T_17.3 ;
    %load/vec4 v0x55e8b721f3b0_0;
    %parti/s 1, 1, 2;
    %flag_set/vec4 8;
    %jmp/0xz  T_17.5, 8;
    %load/vec4 v0x55e8b721ecf0_0;
    %parti/s 8, 8, 5;
    %load/vec4 v0x55e8b721e510_0;
    %pad/u 10;
    %ix/vec4 4;
    %flag_mov 8, 4;
    %ix/load 5, 8, 0;
    %flag_set/imm 4, 0;
    %flag_or 4, 8;
    %store/vec4a v0x55e8b721ef90, 4, 5;
T_17.5 ;
    %load/vec4 v0x55e8b721f3b0_0;
    %parti/s 1, 2, 3;
    %flag_set/vec4 8;
    %jmp/0xz  T_17.7, 8;
    %load/vec4 v0x55e8b721ecf0_0;
    %parti/s 8, 16, 6;
    %load/vec4 v0x55e8b721e510_0;
    %pad/u 10;
    %ix/vec4 4;
    %flag_mov 8, 4;
    %ix/load 5, 16, 0;
    %flag_set/imm 4, 0;
    %flag_or 4, 8;
    %store/vec4a v0x55e8b721ef90, 4, 5;
T_17.7 ;
    %load/vec4 v0x55e8b721f3b0_0;
    %parti/s 1, 3, 3;
    %flag_set/vec4 8;
    %jmp/0xz  T_17.9, 8;
    %load/vec4 v0x55e8b721ecf0_0;
    %parti/s 8, 24, 6;
    %load/vec4 v0x55e8b721e510_0;
    %pad/u 10;
    %ix/vec4 4;
    %flag_mov 8, 4;
    %ix/load 5, 24, 0;
    %flag_set/imm 4, 0;
    %flag_or 4, 8;
    %store/vec4a v0x55e8b721ef90, 4, 5;
T_17.9 ;
T_17.0 ;
    %end;
    .scope S_0x55e8b721d820;
t_10 %join;
    %jmp T_17;
    .thread T_17;
    .scope S_0x55e8b721d820;
T_18 ;
    %wait E_0x55e8b721bf10;
    %fork t_13, S_0x55e8b721dee0;
    %jmp t_12;
    .scope S_0x55e8b721dee0;
t_13 ;
    %load/vec4 v0x55e8b721e9f0_0;
    %nor/r;
    %flag_set/vec4 9;
    %flag_get/vec4 9;
    %jmp/0 T_18.2, 9;
    %load/vec4 v0x55e8b721f120_0;
    %and;
T_18.2;
    %flag_set/vec4 8;
    %jmp/0xz  T_18.0, 8;
    %load/vec4 v0x55e8b721e510_0;
    %pad/u 10;
    %ix/vec4 4;
    %load/vec4a v0x55e8b721ef90, 4;
    %assign/vec4 v0x55e8b721edd0_0, 3000;
T_18.0 ;
    %end;
    .scope S_0x55e8b721d820;
t_12 %join;
    %jmp T_18;
    .thread T_18;
    .scope S_0x55e8b721d820;
T_19 ;
    %wait E_0x55e8b721bf10;
    %fork t_15, S_0x55e8b721e070;
    %jmp t_14;
    .scope S_0x55e8b721e070;
t_15 ;
    %load/vec4 v0x55e8b721eb50_0;
    %nor/r;
    %flag_set/vec4 8;
    %jmp/0xz  T_19.0, 8;
    %load/vec4 v0x55e8b721e6e0_0;
    %pad/u 10;
    %ix/vec4 4;
    %load/vec4a v0x55e8b721ef90, 4;
    %assign/vec4 v0x55e8b721eeb0_0, 3000;
T_19.0 ;
    %end;
    .scope S_0x55e8b721d820;
t_14 %join;
    %jmp T_19;
    .thread T_19;
    .scope S_0x55e8b721b8a0;
T_20 ;
    %wait E_0x55e8b720d9e0;
    %load/vec4 v0x55e8b721ca40_0;
    %store/vec4 v0x55e8b721cb00_0, 0, 1;
    %load/vec4 v0x55e8b721d210_0;
    %store/vec4 v0x55e8b721d2d0_0, 0, 1;
    %load/vec4 v0x55e8b721d4a0_0;
    %store/vec4 v0x55e8b721d580_0, 0, 4;
    %load/vec4 v0x55e8b721c570_0;
    %store/vec4 v0x55e8b721c630_0, 0, 8;
    %load/vec4 v0x55e8b721cdd0_0;
    %store/vec4 v0x55e8b721ceb0_0, 0, 32;
    %delay 1000, 0;
    %pushi/vec4 4294967295, 4294967295, 32;
    %store/vec4 v0x55e8b721cf90_0, 0, 32;
    %load/vec4 v0x55e8b721cb00_0;
    %nor/r;
    %flag_set/vec4 10;
    %flag_get/vec4 10;
    %jmp/0 T_20.3, 10;
    %load/vec4 v0x55e8b721d2d0_0;
    %and;
T_20.3;
    %flag_set/vec4 9;
    %flag_get/vec4 9;
    %jmp/0 T_20.2, 9;
    %pushi/vec4 1, 0, 1;
    %and;
T_20.2;
    %flag_set/vec4 8;
    %jmp/0xz  T_20.0, 8;
    %load/vec4 v0x55e8b721c630_0;
    %pad/u 10;
    %ix/vec4 4;
    %load/vec4a v0x55e8b721d150, 4;
    %vpi_call/w 16 59 "$display", $time, " Reading %m addr0=%b dout0=%b", v0x55e8b721c630_0, S<0,vec4,u32> {1 0 0};
T_20.0 ;
    %load/vec4 v0x55e8b721cb00_0;
    %nor/r;
    %flag_set/vec4 10;
    %flag_get/vec4 10;
    %jmp/0 T_20.7, 10;
    %load/vec4 v0x55e8b721d2d0_0;
    %nor/r;
    %and;
T_20.7;
    %flag_set/vec4 9;
    %flag_get/vec4 9;
    %jmp/0 T_20.6, 9;
    %pushi/vec4 1, 0, 1;
    %and;
T_20.6;
    %flag_set/vec4 8;
    %jmp/0xz  T_20.4, 8;
    %vpi_call/w 16 61 "$display", $time, " Writing %m addr0=%b din0=%b wmask0=%b", v0x55e8b721c630_0, v0x55e8b721ceb0_0, v0x55e8b721d580_0 {0 0 0};
T_20.4 ;
    %jmp T_20;
    .thread T_20;
    .scope S_0x55e8b721b8a0;
T_21 ;
    %wait E_0x55e8b720d9e0;
    %load/vec4 v0x55e8b721cbc0_0;
    %store/vec4 v0x55e8b721cd10_0, 0, 1;
    %load/vec4 v0x55e8b721c710_0;
    %store/vec4 v0x55e8b721c7d0_0, 0, 8;
    %load/vec4 v0x55e8b721ca40_0;
    %nor/r;
    %flag_set/vec4 11;
    %flag_get/vec4 11;
    %jmp/0 T_21.4, 11;
    %load/vec4 v0x55e8b721d210_0;
    %nor/r;
    %and;
T_21.4;
    %flag_set/vec4 10;
    %flag_get/vec4 10;
    %jmp/0 T_21.3, 10;
    %load/vec4 v0x55e8b721cbc0_0;
    %nor/r;
    %and;
T_21.3;
    %flag_set/vec4 9;
    %flag_get/vec4 9;
    %jmp/0 T_21.2, 9;
    %load/vec4 v0x55e8b721c570_0;
    %load/vec4 v0x55e8b721c710_0;
    %cmp/e;
    %flag_get/vec4 4;
    %and;
T_21.2;
    %flag_set/vec4 8;
    %jmp/0xz  T_21.0, 8;
    %vpi_call/w 16 74 "$display", $time, " WARNING: Writing and reading addr0=%b and addr1=%b simultaneously!", v0x55e8b721c570_0, v0x55e8b721c710_0 {0 0 0};
T_21.0 ;
    %delay 1000, 0;
    %pushi/vec4 4294967295, 4294967295, 32;
    %store/vec4 v0x55e8b721d070_0, 0, 32;
    %load/vec4 v0x55e8b721cd10_0;
    %nor/r;
    %flag_set/vec4 9;
    %flag_get/vec4 9;
    %jmp/0 T_21.7, 9;
    %pushi/vec4 1, 0, 1;
    %and;
T_21.7;
    %flag_set/vec4 8;
    %jmp/0xz  T_21.5, 8;
    %load/vec4 v0x55e8b721c7d0_0;
    %pad/u 10;
    %ix/vec4 4;
    %load/vec4a v0x55e8b721d150, 4;
    %vpi_call/w 16 77 "$display", $time, " Reading %m addr1=%b dout1=%b", v0x55e8b721c7d0_0, S<0,vec4,u32> {1 0 0};
T_21.5 ;
    %jmp T_21;
    .thread T_21;
    .scope S_0x55e8b721b8a0;
T_22 ;
    %wait E_0x55e8b721bf10;
    %fork t_17, S_0x55e8b721c390;
    %jmp t_16;
    .scope S_0x55e8b721c390;
t_17 ;
    %load/vec4 v0x55e8b721cb00_0;
    %nor/r;
    %flag_set/vec4 9;
    %flag_get/vec4 9;
    %jmp/0 T_22.2, 9;
    %load/vec4 v0x55e8b721d2d0_0;
    %nor/r;
    %and;
T_22.2;
    %flag_set/vec4 8;
    %jmp/0xz  T_22.0, 8;
    %load/vec4 v0x55e8b721d580_0;
    %parti/s 1, 0, 2;
    %flag_set/vec4 8;
    %jmp/0xz  T_22.3, 8;
    %load/vec4 v0x55e8b721ceb0_0;
    %parti/s 8, 0, 2;
    %load/vec4 v0x55e8b721c630_0;
    %pad/u 10;
    %ix/vec4 4;
    %flag_mov 8, 4;
    %ix/load 5, 0, 0;
    %flag_set/imm 4, 0;
    %flag_or 4, 8;
    %store/vec4a v0x55e8b721d150, 4, 5;
T_22.3 ;
    %load/vec4 v0x55e8b721d580_0;
    %parti/s 1, 1, 2;
    %flag_set/vec4 8;
    %jmp/0xz  T_22.5, 8;
    %load/vec4 v0x55e8b721ceb0_0;
    %parti/s 8, 8, 5;
    %load/vec4 v0x55e8b721c630_0;
    %pad/u 10;
    %ix/vec4 4;
    %flag_mov 8, 4;
    %ix/load 5, 8, 0;
    %flag_set/imm 4, 0;
    %flag_or 4, 8;
    %store/vec4a v0x55e8b721d150, 4, 5;
T_22.5 ;
    %load/vec4 v0x55e8b721d580_0;
    %parti/s 1, 2, 3;
    %flag_set/vec4 8;
    %jmp/0xz  T_22.7, 8;
    %load/vec4 v0x55e8b721ceb0_0;
    %parti/s 8, 16, 6;
    %load/vec4 v0x55e8b721c630_0;
    %pad/u 10;
    %ix/vec4 4;
    %flag_mov 8, 4;
    %ix/load 5, 16, 0;
    %flag_set/imm 4, 0;
    %flag_or 4, 8;
    %store/vec4a v0x55e8b721d150, 4, 5;
T_22.7 ;
    %load/vec4 v0x55e8b721d580_0;
    %parti/s 1, 3, 3;
    %flag_set/vec4 8;
    %jmp/0xz  T_22.9, 8;
    %load/vec4 v0x55e8b721ceb0_0;
    %parti/s 8, 24, 6;
    %load/vec4 v0x55e8b721c630_0;
    %pad/u 10;
    %ix/vec4 4;
    %flag_mov 8, 4;
    %ix/load 5, 24, 0;
    %flag_set/imm 4, 0;
    %flag_or 4, 8;
    %store/vec4a v0x55e8b721d150, 4, 5;
T_22.9 ;
T_22.0 ;
    %end;
    .scope S_0x55e8b721b8a0;
t_16 %join;
    %jmp T_22;
    .thread T_22;
    .scope S_0x55e8b721b8a0;
T_23 ;
    %wait E_0x55e8b721bf10;
    %fork t_19, S_0x55e8b721bf90;
    %jmp t_18;
    .scope S_0x55e8b721bf90;
t_19 ;
    %load/vec4 v0x55e8b721cb00_0;
    %nor/r;
    %flag_set/vec4 9;
    %flag_get/vec4 9;
    %jmp/0 T_23.2, 9;
    %load/vec4 v0x55e8b721d2d0_0;
    %and;
T_23.2;
    %flag_set/vec4 8;
    %jmp/0xz  T_23.0, 8;
    %load/vec4 v0x55e8b721c630_0;
    %pad/u 10;
    %ix/vec4 4;
    %load/vec4a v0x55e8b721d150, 4;
    %assign/vec4 v0x55e8b721cf90_0, 3000;
T_23.0 ;
    %end;
    .scope S_0x55e8b721b8a0;
t_18 %join;
    %jmp T_23;
    .thread T_23;
    .scope S_0x55e8b721b8a0;
T_24 ;
    %wait E_0x55e8b721bf10;
    %fork t_21, S_0x55e8b721c190;
    %jmp t_20;
    .scope S_0x55e8b721c190;
t_21 ;
    %load/vec4 v0x55e8b721cd10_0;
    %nor/r;
    %flag_set/vec4 8;
    %jmp/0xz  T_24.0, 8;
    %load/vec4 v0x55e8b721c7d0_0;
    %pad/u 10;
    %ix/vec4 4;
    %load/vec4a v0x55e8b721d150, 4;
    %assign/vec4 v0x55e8b721d070_0, 3000;
T_24.0 ;
    %end;
    .scope S_0x55e8b721b8a0;
t_20 %join;
    %jmp T_24;
    .thread T_24;
    .scope S_0x55e8b721b4c0;
T_25 ;
    %wait E_0x55e8b720d9e0;
    %load/vec4 v0x55e8b7220210_0;
    %flag_set/vec4 8;
    %jmp/0xz  T_25.0, 8;
    %pushi/vec4 0, 0, 1;
    %assign/vec4 v0x55e8b72202b0_0, 0;
    %jmp T_25.1;
T_25.0 ;
    %load/vec4 v0x55e8b72202b0_0;
    %dup/vec4;
    %pushi/vec4 0, 0, 1;
    %cmp/u;
    %jmp/1 T_25.2, 6;
    %dup/vec4;
    %pushi/vec4 1, 0, 1;
    %cmp/u;
    %jmp/1 T_25.3, 6;
    %pushi/vec4 0, 0, 1;
    %assign/vec4 v0x55e8b72202b0_0, 0;
    %jmp T_25.5;
T_25.2 ;
    %load/vec4 v0x55e8b7220090_0;
    %flag_set/vec4 8;
    %jmp/0xz  T_25.6, 8;
    %pushi/vec4 1, 0, 1;
    %assign/vec4 v0x55e8b72202b0_0, 0;
T_25.6 ;
    %jmp T_25.5;
T_25.3 ;
    %pushi/vec4 0, 0, 1;
    %assign/vec4 v0x55e8b72202b0_0, 0;
    %jmp T_25.5;
T_25.5 ;
    %pop/vec4 1;
T_25.1 ;
    %jmp T_25;
    .thread T_25;
    .scope S_0x55e8b71779f0;
T_26 ;
    %pushi/vec4 0, 0, 1;
    %store/vec4 v0x55e8b72210e0_0, 0, 1;
    %end;
    .thread T_26;
    .scope S_0x55e8b71779f0;
T_27 ;
    %delay 5000, 0;
    %load/vec4 v0x55e8b72210e0_0;
    %inv;
    %store/vec4 v0x55e8b72210e0_0, 0, 1;
    %jmp T_27;
    .thread T_27;
    .scope S_0x55e8b71779f0;
T_28 ;
    %pushi/vec4 0, 0, 32;
    %store/vec4 v0x55e8b72215c0_0, 0, 32;
    %pushi/vec4 0, 0, 32;
    %store/vec4 v0x55e8b72211a0_0, 0, 32;
    %pushi/vec4 0, 0, 32;
    %store/vec4 v0x55e8b7221000_0, 0, 32;
    %pushi/vec4 0, 0, 1;
    %store/vec4 v0x55e8b7221810_0, 0, 1;
    %pushi/vec4 0, 0, 64;
    %store/vec4 v0x55e8b72216a0_0, 0, 64;
    %pushi/vec4 0, 0, 1;
    %store/vec4 v0x55e8b7222200_0, 0, 1;
    %pushi/vec4 0, 0, 1;
    %store/vec4 v0x55e8b7221f00_0, 0, 1;
    %pushi/vec4 0, 0, 1;
    %store/vec4 v0x55e8b7221fc0_0, 0, 1;
    %pushi/vec4 0, 0, 1;
    %store/vec4 v0x55e8b7222080_0, 0, 1;
    %pushi/vec4 0, 0, 1;
    %store/vec4 v0x55e8b7222140_0, 0, 1;
    %pushi/vec4 0, 0, 1;
    %store/vec4 v0x55e8b7221d30_0, 0, 1;
    %pushi/vec4 0, 0, 1;
    %store/vec4 v0x55e8b7221a30_0, 0, 1;
    %pushi/vec4 0, 0, 1;
    %store/vec4 v0x55e8b72225c0_0, 0, 1;
    %pushi/vec4 0, 0, 32;
    %store/vec4 v0x55e8b7222680_0, 0, 32;
    %pushi/vec4 0, 0, 32;
    %store/vec4 v0x55e8b7221240_0, 0, 32;
    %pushi/vec4 0, 0, 32;
    %store/vec4 v0x55e8b7221320_0, 0, 32;
    %pushi/vec4 0, 0, 32;
    %store/vec4 v0x55e8b7221400_0, 0, 32;
    %pushi/vec4 0, 0, 32;
    %store/vec4 v0x55e8b72214e0_0, 0, 32;
    %pushi/vec4 0, 0, 1;
    %store/vec4 v0x55e8b72222c0_0, 0, 1;
    %pushi/vec4 0, 0, 1;
    %store/vec4 v0x55e8b7222380_0, 0, 1;
    %pushi/vec4 0, 0, 1;
    %store/vec4 v0x55e8b7222440_0, 0, 1;
    %pushi/vec4 0, 0, 1;
    %store/vec4 v0x55e8b7222500_0, 0, 1;
    %pushi/vec4 0, 0, 1;
    %store/vec4 v0x55e8b7221af0_0, 0, 1;
    %pushi/vec4 0, 0, 1;
    %store/vec4 v0x55e8b7221bb0_0, 0, 1;
    %pushi/vec4 0, 0, 1;
    %store/vec4 v0x55e8b7221c70_0, 0, 1;
    %pushi/vec4 0, 0, 1;
    %store/vec4 v0x55e8b7221970_0, 0, 1;
    %pushi/vec4 1, 0, 1;
    %store/vec4 v0x55e8b72218d0_0, 0, 1;
    %delay 1000, 0;
    %pushi/vec4 99, 0, 32;
    %ix/load 4, 12, 0;
    %flag_set/imm 4, 0;
    %store/vec4a v0x55e8b721ef90, 4, 0;
    %pushi/vec4 0, 0, 32;
    %ix/load 4, 12, 0;
    %flag_set/imm 4, 0;
    %store/vec4a v0x55e8b721d150, 4, 0;
    %vpi_call/w 3 139 "$display", "SRAM PRELOAD CHECK: HIGH=%0d LOW=%0d", &A<v0x55e8b721d150, 12>, &A<v0x55e8b721ef90, 12> {0 0 0};
    %delay 11000, 0;
    %pushi/vec4 0, 0, 1;
    %store/vec4 v0x55e8b72218d0_0, 0, 1;
    %delay 500000, 0;
    %vpi_call/w 3 148 "$display", "========== FINAL PIPELINE STATE ==========" {0 0 0};
    %vpi_call/w 3 149 "$display", "pc_if            = %0d", v0x55e8b7214960_0 {0 0 0};
    %vpi_call/w 3 150 "$display", "instruction_if   = %h", v0x55e8b7214300_0 {0 0 0};
    %vpi_call/w 3 151 "$display", "instruction_id   = %h", v0x55e8b721b0e0_0 {0 0 0};
    %vpi_call/w 3 152 "$display", "PCSrc_id         = %b", v0x55e8b72108f0_0 {0 0 0};
    %vpi_call/w 3 153 "$display", "pchold_id        = %b", v0x55e8b721b1a0_0 {0 0 0};
    %vpi_call/w 3 154 "$display", "idhold_id        = %b", v0x55e8b721ac00_0 {0 0 0};
    %vpi_call/w 3 155 "$display", "hazardmux_id     = %b", v0x55e8b721ab10_0 {0 0 0};
    %vpi_call/w 3 156 "$display", "fwdmuxa_ex       = %b", v0x55e8b721a930_0 {0 0 0};
    %vpi_call/w 3 157 "$display", "fwdmuxb_ex       = %b", v0x55e8b721aa20_0 {0 0 0};
    %vpi_call/w 3 158 "$display", "Rd_ex            = %0d", v0x55e8b7219910_0 {0 0 0};
    %vpi_call/w 3 159 "$display", "Rd_mem           = %0d", v0x55e8b7219a40_0 {0 0 0};
    %vpi_call/w 3 160 "$display", "Rd_wb            = %0d", v0x55e8b7219b00_0 {0 0 0};
    %vpi_call/w 3 161 "$display", "result_ex        = %0d", v0x55e8b7214ca0_0 {0 0 0};
    %vpi_call/w 3 162 "$display", "result_mem       = %0d", v0x55e8b7214d90_0 {0 0 0};
    %vpi_call/w 3 163 "$display", "Regwritedata_wb  = %0d", v0x55e8b7211a10_0 {0 0 0};
    %vpi_call/w 3 165 "$display", "=========== REGISTER CHECK =============" {0 0 0};
    %pushi/vec4 1, 0, 32;
    %store/vec4 v0x55e8b71d3d50_0, 0, 32;
    %pushi/vec4 2, 0, 64;
    %store/vec4 v0x55e8b7187290_0, 0, 64;
    %fork TD_soc_top_tb.check_reg, S_0x55e8b71fa8c0;
    %join;
    %pushi/vec4 2, 0, 32;
    %store/vec4 v0x55e8b71d3d50_0, 0, 32;
    %pushi/vec4 3, 0, 64;
    %store/vec4 v0x55e8b7187290_0, 0, 64;
    %fork TD_soc_top_tb.check_reg, S_0x55e8b71fa8c0;
    %join;
    %pushi/vec4 3, 0, 32;
    %store/vec4 v0x55e8b71d3d50_0, 0, 32;
    %pushi/vec4 5, 0, 64;
    %store/vec4 v0x55e8b7187290_0, 0, 64;
    %fork TD_soc_top_tb.check_reg, S_0x55e8b71fa8c0;
    %join;
    %pushi/vec4 4, 0, 32;
    %store/vec4 v0x55e8b71d3d50_0, 0, 32;
    %pushi/vec4 3, 0, 64;
    %store/vec4 v0x55e8b7187290_0, 0, 64;
    %fork TD_soc_top_tb.check_reg, S_0x55e8b71fa8c0;
    %join;
    %pushi/vec4 5, 0, 32;
    %store/vec4 v0x55e8b71d3d50_0, 0, 32;
    %pushi/vec4 1, 0, 64;
    %store/vec4 v0x55e8b7187290_0, 0, 64;
    %fork TD_soc_top_tb.check_reg, S_0x55e8b71fa8c0;
    %join;
    %pushi/vec4 6, 0, 32;
    %store/vec4 v0x55e8b71d3d50_0, 0, 32;
    %pushi/vec4 3, 0, 64;
    %store/vec4 v0x55e8b7187290_0, 0, 64;
    %fork TD_soc_top_tb.check_reg, S_0x55e8b71fa8c0;
    %join;
    %pushi/vec4 9, 0, 32;
    %store/vec4 v0x55e8b71d3d50_0, 0, 32;
    %pushi/vec4 99, 0, 64;
    %store/vec4 v0x55e8b7187290_0, 0, 64;
    %fork TD_soc_top_tb.check_reg, S_0x55e8b71fa8c0;
    %join;
    %pushi/vec4 10, 0, 32;
    %store/vec4 v0x55e8b71d3d50_0, 0, 32;
    %pushi/vec4 11, 0, 64;
    %store/vec4 v0x55e8b7187290_0, 0, 64;
    %fork TD_soc_top_tb.check_reg, S_0x55e8b71fa8c0;
    %join;
    %pushi/vec4 12, 0, 32;
    %store/vec4 v0x55e8b71d3d50_0, 0, 32;
    %pushi/vec4 101, 0, 64;
    %store/vec4 v0x55e8b7187290_0, 0, 64;
    %fork TD_soc_top_tb.check_reg, S_0x55e8b71fa8c0;
    %join;
    %pushi/vec4 13, 0, 32;
    %store/vec4 v0x55e8b71d3d50_0, 0, 32;
    %pushi/vec4 98, 0, 64;
    %store/vec4 v0x55e8b7187290_0, 0, 64;
    %fork TD_soc_top_tb.check_reg, S_0x55e8b71fa8c0;
    %join;
    %pushi/vec4 14, 0, 32;
    %store/vec4 v0x55e8b71d3d50_0, 0, 32;
    %pushi/vec4 0, 0, 64;
    %store/vec4 v0x55e8b7187290_0, 0, 64;
    %fork TD_soc_top_tb.check_reg, S_0x55e8b71fa8c0;
    %join;
    %pushi/vec4 15, 0, 32;
    %store/vec4 v0x55e8b71d3d50_0, 0, 32;
    %pushi/vec4 17, 0, 64;
    %store/vec4 v0x55e8b7187290_0, 0, 64;
    %fork TD_soc_top_tb.check_reg, S_0x55e8b71fa8c0;
    %join;
    %pushi/vec4 16, 0, 32;
    %store/vec4 v0x55e8b71d3d50_0, 0, 32;
    %pushi/vec4 0, 0, 64;
    %store/vec4 v0x55e8b7187290_0, 0, 64;
    %fork TD_soc_top_tb.check_reg, S_0x55e8b71fa8c0;
    %join;
    %pushi/vec4 20, 0, 32;
    %store/vec4 v0x55e8b71d3d50_0, 0, 32;
    %pushi/vec4 21, 0, 64;
    %store/vec4 v0x55e8b7187290_0, 0, 64;
    %fork TD_soc_top_tb.check_reg, S_0x55e8b71fa8c0;
    %join;
    %pushi/vec4 21, 0, 32;
    %store/vec4 v0x55e8b71d3d50_0, 0, 32;
    %pushi/vec4 23, 0, 64;
    %store/vec4 v0x55e8b7187290_0, 0, 64;
    %fork TD_soc_top_tb.check_reg, S_0x55e8b71fa8c0;
    %join;
    %pushi/vec4 22, 0, 32;
    %store/vec4 v0x55e8b71d3d50_0, 0, 32;
    %pushi/vec4 24, 0, 64;
    %store/vec4 v0x55e8b7187290_0, 0, 64;
    %fork TD_soc_top_tb.check_reg, S_0x55e8b71fa8c0;
    %join;
    %pushi/vec4 23, 0, 32;
    %store/vec4 v0x55e8b71d3d50_0, 0, 32;
    %pushi/vec4 24, 0, 64;
    %store/vec4 v0x55e8b7187290_0, 0, 64;
    %fork TD_soc_top_tb.check_reg, S_0x55e8b71fa8c0;
    %join;
    %pushi/vec4 24, 0, 32;
    %store/vec4 v0x55e8b71d3d50_0, 0, 32;
    %pushi/vec4 26, 0, 64;
    %store/vec4 v0x55e8b7187290_0, 0, 64;
    %fork TD_soc_top_tb.check_reg, S_0x55e8b71fa8c0;
    %join;
    %vpi_call/w 3 185 "$display", "=========== PIPELINE EVENT CHECK ========" {0 0 0};
    %pushi/vec4 0, 0, 32; draw_string_vec4
    %pushi/vec4 0, 0, 32; draw_string_vec4
    %concat/vec4; draw_string_vec4
    %pushi/vec4 0, 0, 32; draw_string_vec4
    %concat/vec4; draw_string_vec4
    %pushi/vec4 0, 0, 32; draw_string_vec4
    %concat/vec4; draw_string_vec4
    %pushi/vec4 0, 0, 32; draw_string_vec4
    %concat/vec4; draw_string_vec4
    %pushi/vec4 0, 0, 32; draw_string_vec4
    %concat/vec4; draw_string_vec4
    %pushi/vec4 0, 0, 32; draw_string_vec4
    %concat/vec4; draw_string_vec4
    %pushi/vec4 0, 0, 32; draw_string_vec4
    %concat/vec4; draw_string_vec4
    %pushi/vec4 115, 0, 32; draw_string_vec4
    %concat/vec4; draw_string_vec4
    %pushi/vec4 1952541804, 0, 32; draw_string_vec4
    %concat/vec4; draw_string_vec4
    %store/vec4 v0x55e8b71c4910_0, 0, 320;
    %load/vec4 v0x55e8b7222200_0;
    %store/vec4 v0x55e8b719bf00_0, 0, 1;
    %fork TD_soc_top_tb.check_event, S_0x55e8b71fa6b0;
    %join;
    %pushi/vec4 0, 0, 32; draw_string_vec4
    %pushi/vec4 0, 0, 32; draw_string_vec4
    %concat/vec4; draw_string_vec4
    %pushi/vec4 0, 0, 32; draw_string_vec4
    %concat/vec4; draw_string_vec4
    %pushi/vec4 0, 0, 32; draw_string_vec4
    %concat/vec4; draw_string_vec4
    %pushi/vec4 0, 0, 32; draw_string_vec4
    %concat/vec4; draw_string_vec4
    %pushi/vec4 26223, 0, 32; draw_string_vec4
    %concat/vec4; draw_string_vec4
    %pushi/vec4 1920426354, 0, 32; draw_string_vec4
    %concat/vec4; draw_string_vec4
    %pushi/vec4 1679835424, 0, 32; draw_string_vec4
    %concat/vec4; draw_string_vec4
    %pushi/vec4 1718775661, 0, 32; draw_string_vec4
    %concat/vec4; draw_string_vec4
    %pushi/vec4 541934925, 0, 32; draw_string_vec4
    %concat/vec4; draw_string_vec4
    %store/vec4 v0x55e8b71c4910_0, 0, 320;
    %load/vec4 v0x55e8b7221f00_0;
    %store/vec4 v0x55e8b719bf00_0, 0, 1;
    %fork TD_soc_top_tb.check_event, S_0x55e8b71fa6b0;
    %join;
    %pushi/vec4 0, 0, 32; draw_string_vec4
    %pushi/vec4 0, 0, 32; draw_string_vec4
    %concat/vec4; draw_string_vec4
    %pushi/vec4 0, 0, 32; draw_string_vec4
    %concat/vec4; draw_string_vec4
    %pushi/vec4 0, 0, 32; draw_string_vec4
    %concat/vec4; draw_string_vec4
    %pushi/vec4 0, 0, 32; draw_string_vec4
    %concat/vec4; draw_string_vec4
    %pushi/vec4 102, 0, 32; draw_string_vec4
    %concat/vec4; draw_string_vec4
    %pushi/vec4 1869772641, 0, 32; draw_string_vec4
    %concat/vec4; draw_string_vec4
    %pushi/vec4 1919164481, 0, 32; draw_string_vec4
    %concat/vec4; draw_string_vec4
    %pushi/vec4 543584879, 0, 32; draw_string_vec4
    %concat/vec4; draw_string_vec4
    %pushi/vec4 1830836034, 0, 32; draw_string_vec4
    %concat/vec4; draw_string_vec4
    %store/vec4 v0x55e8b71c4910_0, 0, 320;
    %load/vec4 v0x55e8b7221fc0_0;
    %store/vec4 v0x55e8b719bf00_0, 0, 1;
    %fork TD_soc_top_tb.check_event, S_0x55e8b71fa6b0;
    %join;
    %pushi/vec4 0, 0, 32; draw_string_vec4
    %pushi/vec4 0, 0, 32; draw_string_vec4
    %concat/vec4; draw_string_vec4
    %pushi/vec4 0, 0, 32; draw_string_vec4
    %concat/vec4; draw_string_vec4
    %pushi/vec4 0, 0, 32; draw_string_vec4
    %concat/vec4; draw_string_vec4
    %pushi/vec4 0, 0, 32; draw_string_vec4
    %concat/vec4; draw_string_vec4
    %pushi/vec4 26223, 0, 32; draw_string_vec4
    %concat/vec4; draw_string_vec4
    %pushi/vec4 1920426354, 0, 32; draw_string_vec4
    %concat/vec4; draw_string_vec4
    %pushi/vec4 1679835680, 0, 32; draw_string_vec4
    %concat/vec4; draw_string_vec4
    %pushi/vec4 1718775661, 0, 32; draw_string_vec4
    %concat/vec4; draw_string_vec4
    %pushi/vec4 541934925, 0, 32; draw_string_vec4
    %concat/vec4; draw_string_vec4
    %store/vec4 v0x55e8b71c4910_0, 0, 320;
    %load/vec4 v0x55e8b7222080_0;
    %store/vec4 v0x55e8b719bf00_0, 0, 1;
    %fork TD_soc_top_tb.check_event, S_0x55e8b71fa6b0;
    %join;
    %pushi/vec4 0, 0, 32; draw_string_vec4
    %pushi/vec4 0, 0, 32; draw_string_vec4
    %concat/vec4; draw_string_vec4
    %pushi/vec4 0, 0, 32; draw_string_vec4
    %concat/vec4; draw_string_vec4
    %pushi/vec4 0, 0, 32; draw_string_vec4
    %concat/vec4; draw_string_vec4
    %pushi/vec4 0, 0, 32; draw_string_vec4
    %concat/vec4; draw_string_vec4
    %pushi/vec4 102, 0, 32; draw_string_vec4
    %concat/vec4; draw_string_vec4
    %pushi/vec4 1869772641, 0, 32; draw_string_vec4
    %concat/vec4; draw_string_vec4
    %pushi/vec4 1919164482, 0, 32; draw_string_vec4
    %concat/vec4; draw_string_vec4
    %pushi/vec4 543584879, 0, 32; draw_string_vec4
    %concat/vec4; draw_string_vec4
    %pushi/vec4 1830836034, 0, 32; draw_string_vec4
    %concat/vec4; draw_string_vec4
    %store/vec4 v0x55e8b71c4910_0, 0, 320;
    %load/vec4 v0x55e8b7222140_0;
    %store/vec4 v0x55e8b719bf00_0, 0, 1;
    %fork TD_soc_top_tb.check_event, S_0x55e8b71fa6b0;
    %join;
    %pushi/vec4 0, 0, 32; draw_string_vec4
    %pushi/vec4 0, 0, 32; draw_string_vec4
    %concat/vec4; draw_string_vec4
    %pushi/vec4 0, 0, 32; draw_string_vec4
    %concat/vec4; draw_string_vec4
    %pushi/vec4 0, 0, 32; draw_string_vec4
    %concat/vec4; draw_string_vec4
    %pushi/vec4 0, 0, 32; draw_string_vec4
    %concat/vec4; draw_string_vec4
    %pushi/vec4 0, 0, 32; draw_string_vec4
    %concat/vec4; draw_string_vec4
    %pushi/vec4 0, 0, 32; draw_string_vec4
    %concat/vec4; draw_string_vec4
    %pushi/vec4 67, 0, 32; draw_string_vec4
    %concat/vec4; draw_string_vec4
    %pushi/vec4 1113202804, 0, 32; draw_string_vec4
    %concat/vec4; draw_string_vec4
    %pushi/vec4 1634428270, 0, 32; draw_string_vec4
    %concat/vec4; draw_string_vec4
    %store/vec4 v0x55e8b71c4910_0, 0, 320;
    %load/vec4 v0x55e8b7221d30_0;
    %store/vec4 v0x55e8b719bf00_0, 0, 1;
    %fork TD_soc_top_tb.check_event, S_0x55e8b71fa6b0;
    %join;
    %pushi/vec4 0, 0, 32; draw_string_vec4
    %pushi/vec4 0, 0, 32; draw_string_vec4
    %concat/vec4; draw_string_vec4
    %pushi/vec4 0, 0, 32; draw_string_vec4
    %concat/vec4; draw_string_vec4
    %pushi/vec4 0, 0, 32; draw_string_vec4
    %concat/vec4; draw_string_vec4
    %pushi/vec4 0, 0, 32; draw_string_vec4
    %concat/vec4; draw_string_vec4
    %pushi/vec4 0, 0, 32; draw_string_vec4
    %concat/vec4; draw_string_vec4
    %pushi/vec4 67, 0, 32; draw_string_vec4
    %concat/vec4; draw_string_vec4
    %pushi/vec4 1113202798, 0, 32; draw_string_vec4
    %concat/vec4; draw_string_vec4
    %pushi/vec4 1869881460, 0, 32; draw_string_vec4
    %concat/vec4; draw_string_vec4
    %pushi/vec4 1634428270, 0, 32; draw_string_vec4
    %concat/vec4; draw_string_vec4
    %store/vec4 v0x55e8b71c4910_0, 0, 320;
    %load/vec4 v0x55e8b7221a30_0;
    %store/vec4 v0x55e8b719bf00_0, 0, 1;
    %fork TD_soc_top_tb.check_event, S_0x55e8b71fa6b0;
    %join;
    %pushi/vec4 0, 0, 32; draw_string_vec4
    %pushi/vec4 0, 0, 32; draw_string_vec4
    %concat/vec4; draw_string_vec4
    %pushi/vec4 0, 0, 32; draw_string_vec4
    %concat/vec4; draw_string_vec4
    %pushi/vec4 0, 0, 32; draw_string_vec4
    %concat/vec4; draw_string_vec4
    %pushi/vec4 0, 0, 32; draw_string_vec4
    %concat/vec4; draw_string_vec4
    %pushi/vec4 1970168687, 0, 32; draw_string_vec4
    %concat/vec4; draw_string_vec4
    %pushi/vec4 1852074356, 0, 32; draw_string_vec4
    %concat/vec4; draw_string_vec4
    %pushi/vec4 1768910433, 0, 32; draw_string_vec4
    %concat/vec4; draw_string_vec4
    %pushi/vec4 1814061682, 0, 32; draw_string_vec4
    %concat/vec4; draw_string_vec4
    %pushi/vec4 1634624360, 0, 32; draw_string_vec4
    %concat/vec4; draw_string_vec4
    %store/vec4 v0x55e8b71c4910_0, 0, 320;
    %load/vec4 v0x55e8b72225c0_0;
    %store/vec4 v0x55e8b719bf00_0, 0, 1;
    %fork TD_soc_top_tb.check_event, S_0x55e8b71fa6b0;
    %join;
    %vpi_call/w 3 195 "$display", "=========== STRICT EVENT CHECK ========== " {0 0 0};
    %pushi/vec4 0, 0, 32; draw_string_vec4
    %pushi/vec4 0, 0, 32; draw_string_vec4
    %concat/vec4; draw_string_vec4
    %pushi/vec4 0, 0, 32; draw_string_vec4
    %concat/vec4; draw_string_vec4
    %pushi/vec4 0, 0, 32; draw_string_vec4
    %concat/vec4; draw_string_vec4
    %pushi/vec4 0, 0, 32; draw_string_vec4
    %concat/vec4; draw_string_vec4
    %pushi/vec4 0, 0, 32; draw_string_vec4
    %concat/vec4; draw_string_vec4
    %pushi/vec4 0, 0, 32; draw_string_vec4
    %concat/vec4; draw_string_vec4
    %pushi/vec4 0, 0, 32; draw_string_vec4
    %concat/vec4; draw_string_vec4
    %pushi/vec4 115, 0, 32; draw_string_vec4
    %concat/vec4; draw_string_vec4
    %pushi/vec4 1952541804, 0, 32; draw_string_vec4
    %concat/vec4; draw_string_vec4
    %store/vec4 v0x55e8b71c2b90_0, 0, 320;
    %load/vec4 v0x55e8b7222680_0;
    %store/vec4 v0x55e8b71c0a10_0, 0, 32;
    %pushi/vec4 4, 0, 32;
    %store/vec4 v0x55e8b71c4340_0, 0, 32;
    %fork TD_soc_top_tb.check_count, S_0x55e8b718e7b0;
    %join;
    %pushi/vec4 0, 0, 32; draw_string_vec4
    %pushi/vec4 0, 0, 32; draw_string_vec4
    %concat/vec4; draw_string_vec4
    %pushi/vec4 0, 0, 32; draw_string_vec4
    %concat/vec4; draw_string_vec4
    %pushi/vec4 0, 0, 32; draw_string_vec4
    %concat/vec4; draw_string_vec4
    %pushi/vec4 0, 0, 32; draw_string_vec4
    %concat/vec4; draw_string_vec4
    %pushi/vec4 26223, 0, 32; draw_string_vec4
    %concat/vec4; draw_string_vec4
    %pushi/vec4 1920426354, 0, 32; draw_string_vec4
    %concat/vec4; draw_string_vec4
    %pushi/vec4 1679835424, 0, 32; draw_string_vec4
    %concat/vec4; draw_string_vec4
    %pushi/vec4 1718775661, 0, 32; draw_string_vec4
    %concat/vec4; draw_string_vec4
    %pushi/vec4 541934925, 0, 32; draw_string_vec4
    %concat/vec4; draw_string_vec4
    %store/vec4 v0x55e8b71c2b90_0, 0, 320;
    %load/vec4 v0x55e8b7221240_0;
    %store/vec4 v0x55e8b71c0a10_0, 0, 32;
    %pushi/vec4 5, 0, 32;
    %store/vec4 v0x55e8b71c4340_0, 0, 32;
    %fork TD_soc_top_tb.check_count, S_0x55e8b718e7b0;
    %join;
    %pushi/vec4 0, 0, 32; draw_string_vec4
    %pushi/vec4 0, 0, 32; draw_string_vec4
    %concat/vec4; draw_string_vec4
    %pushi/vec4 0, 0, 32; draw_string_vec4
    %concat/vec4; draw_string_vec4
    %pushi/vec4 0, 0, 32; draw_string_vec4
    %concat/vec4; draw_string_vec4
    %pushi/vec4 0, 0, 32; draw_string_vec4
    %concat/vec4; draw_string_vec4
    %pushi/vec4 102, 0, 32; draw_string_vec4
    %concat/vec4; draw_string_vec4
    %pushi/vec4 1869772641, 0, 32; draw_string_vec4
    %concat/vec4; draw_string_vec4
    %pushi/vec4 1919164481, 0, 32; draw_string_vec4
    %concat/vec4; draw_string_vec4
    %pushi/vec4 543584879, 0, 32; draw_string_vec4
    %concat/vec4; draw_string_vec4
    %pushi/vec4 1830836034, 0, 32; draw_string_vec4
    %concat/vec4; draw_string_vec4
    %store/vec4 v0x55e8b71c2b90_0, 0, 320;
    %load/vec4 v0x55e8b7221320_0;
    %store/vec4 v0x55e8b71c0a10_0, 0, 32;
    %pushi/vec4 1, 0, 32;
    %store/vec4 v0x55e8b71c4340_0, 0, 32;
    %fork TD_soc_top_tb.check_count, S_0x55e8b718e7b0;
    %join;
    %pushi/vec4 0, 0, 32; draw_string_vec4
    %pushi/vec4 0, 0, 32; draw_string_vec4
    %concat/vec4; draw_string_vec4
    %pushi/vec4 0, 0, 32; draw_string_vec4
    %concat/vec4; draw_string_vec4
    %pushi/vec4 0, 0, 32; draw_string_vec4
    %concat/vec4; draw_string_vec4
    %pushi/vec4 0, 0, 32; draw_string_vec4
    %concat/vec4; draw_string_vec4
    %pushi/vec4 26223, 0, 32; draw_string_vec4
    %concat/vec4; draw_string_vec4
    %pushi/vec4 1920426354, 0, 32; draw_string_vec4
    %concat/vec4; draw_string_vec4
    %pushi/vec4 1679835680, 0, 32; draw_string_vec4
    %concat/vec4; draw_string_vec4
    %pushi/vec4 1718775661, 0, 32; draw_string_vec4
    %concat/vec4; draw_string_vec4
    %pushi/vec4 541934925, 0, 32; draw_string_vec4
    %concat/vec4; draw_string_vec4
    %store/vec4 v0x55e8b71c2b90_0, 0, 320;
    %load/vec4 v0x55e8b7221400_0;
    %store/vec4 v0x55e8b71c0a10_0, 0, 32;
    %pushi/vec4 3, 0, 32;
    %store/vec4 v0x55e8b71c4340_0, 0, 32;
    %fork TD_soc_top_tb.check_count, S_0x55e8b718e7b0;
    %join;
    %pushi/vec4 0, 0, 32; draw_string_vec4
    %pushi/vec4 0, 0, 32; draw_string_vec4
    %concat/vec4; draw_string_vec4
    %pushi/vec4 0, 0, 32; draw_string_vec4
    %concat/vec4; draw_string_vec4
    %pushi/vec4 0, 0, 32; draw_string_vec4
    %concat/vec4; draw_string_vec4
    %pushi/vec4 0, 0, 32; draw_string_vec4
    %concat/vec4; draw_string_vec4
    %pushi/vec4 102, 0, 32; draw_string_vec4
    %concat/vec4; draw_string_vec4
    %pushi/vec4 1869772641, 0, 32; draw_string_vec4
    %concat/vec4; draw_string_vec4
    %pushi/vec4 1919164482, 0, 32; draw_string_vec4
    %concat/vec4; draw_string_vec4
    %pushi/vec4 543584879, 0, 32; draw_string_vec4
    %concat/vec4; draw_string_vec4
    %pushi/vec4 1830836034, 0, 32; draw_string_vec4
    %concat/vec4; draw_string_vec4
    %store/vec4 v0x55e8b71c2b90_0, 0, 320;
    %load/vec4 v0x55e8b72214e0_0;
    %store/vec4 v0x55e8b71c0a10_0, 0, 32;
    %pushi/vec4 5, 0, 32;
    %store/vec4 v0x55e8b71c4340_0, 0, 32;
    %fork TD_soc_top_tb.check_count, S_0x55e8b718e7b0;
    %join;
    %pushi/vec4 0, 0, 32; draw_string_vec4
    %pushi/vec4 0, 0, 32; draw_string_vec4
    %concat/vec4; draw_string_vec4
    %pushi/vec4 0, 0, 32; draw_string_vec4
    %concat/vec4; draw_string_vec4
    %pushi/vec4 0, 0, 32; draw_string_vec4
    %concat/vec4; draw_string_vec4
    %pushi/vec4 0, 0, 32; draw_string_vec4
    %concat/vec4; draw_string_vec4
    %pushi/vec4 115, 0, 32; draw_string_vec4
    %concat/vec4; draw_string_vec4
    %pushi/vec4 1952541804, 0, 32; draw_string_vec4
    %concat/vec4; draw_string_vec4
    %pushi/vec4 543257632, 0, 32; draw_string_vec4
    %concat/vec4; draw_string_vec4
    %pushi/vec4 1229201488, 0, 32; draw_string_vec4
    %concat/vec4; draw_string_vec4
    %pushi/vec4 1128084016, 0, 32; draw_string_vec4
    %concat/vec4; draw_string_vec4
    %store/vec4 v0x55e8b71c4910_0, 0, 320;
    %load/vec4 v0x55e8b72222c0_0;
    %store/vec4 v0x55e8b719bf00_0, 0, 1;
    %fork TD_soc_top_tb.check_event, S_0x55e8b71fa6b0;
    %join;
    %pushi/vec4 0, 0, 32; draw_string_vec4
    %pushi/vec4 0, 0, 32; draw_string_vec4
    %concat/vec4; draw_string_vec4
    %pushi/vec4 0, 0, 32; draw_string_vec4
    %concat/vec4; draw_string_vec4
    %pushi/vec4 0, 0, 32; draw_string_vec4
    %concat/vec4; draw_string_vec4
    %pushi/vec4 0, 0, 32; draw_string_vec4
    %concat/vec4; draw_string_vec4
    %pushi/vec4 115, 0, 32; draw_string_vec4
    %concat/vec4; draw_string_vec4
    %pushi/vec4 1952541804, 0, 32; draw_string_vec4
    %concat/vec4; draw_string_vec4
    %pushi/vec4 543257632, 0, 32; draw_string_vec4
    %concat/vec4; draw_string_vec4
    %pushi/vec4 1229201488, 0, 32; draw_string_vec4
    %concat/vec4; draw_string_vec4
    %pushi/vec4 1128084274, 0, 32; draw_string_vec4
    %concat/vec4; draw_string_vec4
    %store/vec4 v0x55e8b71c4910_0, 0, 320;
    %load/vec4 v0x55e8b7222380_0;
    %store/vec4 v0x55e8b719bf00_0, 0, 1;
    %fork TD_soc_top_tb.check_event, S_0x55e8b71fa6b0;
    %join;
    %pushi/vec4 0, 0, 32; draw_string_vec4
    %pushi/vec4 0, 0, 32; draw_string_vec4
    %concat/vec4; draw_string_vec4
    %pushi/vec4 0, 0, 32; draw_string_vec4
    %concat/vec4; draw_string_vec4
    %pushi/vec4 0, 0, 32; draw_string_vec4
    %concat/vec4; draw_string_vec4
    %pushi/vec4 0, 0, 32; draw_string_vec4
    %concat/vec4; draw_string_vec4
    %pushi/vec4 115, 0, 32; draw_string_vec4
    %concat/vec4; draw_string_vec4
    %pushi/vec4 1952541804, 0, 32; draw_string_vec4
    %concat/vec4; draw_string_vec4
    %pushi/vec4 543257632, 0, 32; draw_string_vec4
    %concat/vec4; draw_string_vec4
    %pushi/vec4 1229201488, 0, 32; draw_string_vec4
    %concat/vec4; draw_string_vec4
    %pushi/vec4 1128084536, 0, 32; draw_string_vec4
    %concat/vec4; draw_string_vec4
    %store/vec4 v0x55e8b71c4910_0, 0, 320;
    %load/vec4 v0x55e8b7222440_0;
    %store/vec4 v0x55e8b719bf00_0, 0, 1;
    %fork TD_soc_top_tb.check_event, S_0x55e8b71fa6b0;
    %join;
    %pushi/vec4 0, 0, 32; draw_string_vec4
    %pushi/vec4 0, 0, 32; draw_string_vec4
    %concat/vec4; draw_string_vec4
    %pushi/vec4 0, 0, 32; draw_string_vec4
    %concat/vec4; draw_string_vec4
    %pushi/vec4 0, 0, 32; draw_string_vec4
    %concat/vec4; draw_string_vec4
    %pushi/vec4 0, 0, 32; draw_string_vec4
    %concat/vec4; draw_string_vec4
    %pushi/vec4 115, 0, 32; draw_string_vec4
    %concat/vec4; draw_string_vec4
    %pushi/vec4 1952541804, 0, 32; draw_string_vec4
    %concat/vec4; draw_string_vec4
    %pushi/vec4 543257632, 0, 32; draw_string_vec4
    %concat/vec4; draw_string_vec4
    %pushi/vec4 1229201488, 0, 32; draw_string_vec4
    %concat/vec4; draw_string_vec4
    %pushi/vec4 1128085040, 0, 32; draw_string_vec4
    %concat/vec4; draw_string_vec4
    %store/vec4 v0x55e8b71c4910_0, 0, 320;
    %load/vec4 v0x55e8b7222500_0;
    %store/vec4 v0x55e8b719bf00_0, 0, 1;
    %fork TD_soc_top_tb.check_event, S_0x55e8b71fa6b0;
    %join;
    %pushi/vec4 0, 0, 32; draw_string_vec4
    %pushi/vec4 0, 0, 32; draw_string_vec4
    %concat/vec4; draw_string_vec4
    %pushi/vec4 0, 0, 32; draw_string_vec4
    %concat/vec4; draw_string_vec4
    %pushi/vec4 0, 0, 32; draw_string_vec4
    %concat/vec4; draw_string_vec4
    %pushi/vec4 0, 0, 32; draw_string_vec4
    %concat/vec4; draw_string_vec4
    %pushi/vec4 17218, 0, 32; draw_string_vec4
    %concat/vec4; draw_string_vec4
    %pushi/vec4 1512076385, 0, 32; draw_string_vec4
    %concat/vec4; draw_string_vec4
    %pushi/vec4 1801809440, 0, 32; draw_string_vec4
    %concat/vec4; draw_string_vec4
    %pushi/vec4 1635000400, 0, 32; draw_string_vec4
    %concat/vec4; draw_string_vec4
    %pushi/vec4 1128084274, 0, 32; draw_string_vec4
    %concat/vec4; draw_string_vec4
    %store/vec4 v0x55e8b71c4910_0, 0, 320;
    %load/vec4 v0x55e8b7221af0_0;
    %store/vec4 v0x55e8b719bf00_0, 0, 1;
    %fork TD_soc_top_tb.check_event, S_0x55e8b71fa6b0;
    %join;
    %pushi/vec4 0, 0, 32; draw_string_vec4
    %pushi/vec4 0, 0, 32; draw_string_vec4
    %concat/vec4; draw_string_vec4
    %pushi/vec4 0, 0, 32; draw_string_vec4
    %concat/vec4; draw_string_vec4
    %pushi/vec4 0, 0, 32; draw_string_vec4
    %concat/vec4; draw_string_vec4
    %pushi/vec4 17218, 0, 32; draw_string_vec4
    %concat/vec4; draw_string_vec4
    %pushi/vec4 1512074863, 0, 32; draw_string_vec4
    %concat/vec4; draw_string_vec4
    %pushi/vec4 1948284001, 0, 32; draw_string_vec4
    %concat/vec4; draw_string_vec4
    %pushi/vec4 1801809440, 0, 32; draw_string_vec4
    %concat/vec4; draw_string_vec4
    %pushi/vec4 1635000400, 0, 32; draw_string_vec4
    %concat/vec4; draw_string_vec4
    %pushi/vec4 1128084536, 0, 32; draw_string_vec4
    %concat/vec4; draw_string_vec4
    %store/vec4 v0x55e8b71c4910_0, 0, 320;
    %load/vec4 v0x55e8b7221bb0_0;
    %store/vec4 v0x55e8b719bf00_0, 0, 1;
    %fork TD_soc_top_tb.check_event, S_0x55e8b71fa6b0;
    %join;
    %pushi/vec4 0, 0, 32; draw_string_vec4
    %pushi/vec4 0, 0, 32; draw_string_vec4
    %concat/vec4; draw_string_vec4
    %pushi/vec4 0, 0, 32; draw_string_vec4
    %concat/vec4; draw_string_vec4
    %pushi/vec4 0, 0, 32; draw_string_vec4
    %concat/vec4; draw_string_vec4
    %pushi/vec4 0, 0, 32; draw_string_vec4
    %concat/vec4; draw_string_vec4
    %pushi/vec4 17218, 0, 32; draw_string_vec4
    %concat/vec4; draw_string_vec4
    %pushi/vec4 1512076385, 0, 32; draw_string_vec4
    %concat/vec4; draw_string_vec4
    %pushi/vec4 1801809440, 0, 32; draw_string_vec4
    %concat/vec4; draw_string_vec4
    %pushi/vec4 1635000400, 0, 32; draw_string_vec4
    %concat/vec4; draw_string_vec4
    %pushi/vec4 1128085040, 0, 32; draw_string_vec4
    %concat/vec4; draw_string_vec4
    %store/vec4 v0x55e8b71c4910_0, 0, 320;
    %load/vec4 v0x55e8b7221c70_0;
    %store/vec4 v0x55e8b719bf00_0, 0, 1;
    %fork TD_soc_top_tb.check_event, S_0x55e8b71fa6b0;
    %join;
    %pushi/vec4 0, 0, 32; draw_string_vec4
    %pushi/vec4 0, 0, 32; draw_string_vec4
    %concat/vec4; draw_string_vec4
    %pushi/vec4 0, 0, 32; draw_string_vec4
    %concat/vec4; draw_string_vec4
    %pushi/vec4 0, 0, 32; draw_string_vec4
    %concat/vec4; draw_string_vec4
    %pushi/vec4 0, 0, 32; draw_string_vec4
    %concat/vec4; draw_string_vec4
    %pushi/vec4 0, 0, 32; draw_string_vec4
    %concat/vec4; draw_string_vec4
    %pushi/vec4 1109423201, 0, 32; draw_string_vec4
    %concat/vec4; draw_string_vec4
    %pushi/vec4 1801809440, 0, 32; draw_string_vec4
    %concat/vec4; draw_string_vec4
    %pushi/vec4 1635000400, 0, 32; draw_string_vec4
    %concat/vec4; draw_string_vec4
    %pushi/vec4 1128085298, 0, 32; draw_string_vec4
    %concat/vec4; draw_string_vec4
    %store/vec4 v0x55e8b71c4910_0, 0, 320;
    %load/vec4 v0x55e8b7221970_0;
    %store/vec4 v0x55e8b719bf00_0, 0, 1;
    %fork TD_soc_top_tb.check_event, S_0x55e8b71fa6b0;
    %join;
    %vpi_call/w 3 212 "$display", "=========== ASSERTION SUMMARY ===========" {0 0 0};
    %load/vec4 v0x55e8b7221000_0;
    %cmpi/e 0, 0, 32;
    %jmp/0xz  T_28.0, 4;
    %vpi_call/w 3 214 "$display", "[PASS] runtime assertions: no failures" {0 0 0};
    %load/vec4 v0x55e8b72215c0_0;
    %addi 1, 0, 32;
    %store/vec4 v0x55e8b72215c0_0, 0, 32;
    %jmp T_28.1;
T_28.0 ;
    %vpi_call/w 3 218 "$display", "[FAIL] runtime assertions: %0d failure(s)", v0x55e8b7221000_0 {0 0 0};
    %load/vec4 v0x55e8b72211a0_0;
    %addi 1, 0, 32;
    %store/vec4 v0x55e8b72211a0_0, 0, 32;
T_28.1 ;
    %vpi_call/w 3 223 "$display", "=======================================" {0 0 0};
    %load/vec4 v0x55e8b72211a0_0;
    %cmpi/e 0, 0, 32;
    %jmp/0xz  T_28.2, 4;
    %load/vec4 v0x55e8b72215c0_0;
    %load/vec4 v0x55e8b72211a0_0;
    %add;
    %vpi_call/w 3 226 "$display", "ALL TESTS PASSED (%0d/%0d)", v0x55e8b72215c0_0, S<0,vec4,s32> {1 0 0};
    %vpi_call/w 3 228 "$finish" {0 0 0};
    %jmp T_28.3;
T_28.2 ;
    %vpi_call/w 3 231 "$display", "TEST FAILED: %0d passed, %0d failed", v0x55e8b72215c0_0, v0x55e8b72211a0_0 {0 0 0};
    %vpi_call/w 3 233 "$fatal", 32'sb00000000000000000000000000000001, "CPU regression failed" {0 0 0};
T_28.3 ;
    %end;
    .thread T_28;
    .scope S_0x55e8b71779f0;
T_29 ;
    %wait E_0x55e8b720d9e0;
    %load/vec4 v0x55e8b72218d0_0;
    %nor/r;
    %flag_set/vec4 8;
    %jmp/0xz  T_29.0, 8;
    %load/vec4 v0x55e8b721b1a0_0;
    %load/vec4 v0x55e8b721ac00_0;
    %concat/vec4; draw_concat_vec4
    %load/vec4 v0x55e8b721ab10_0;
    %concat/vec4; draw_concat_vec4
    %cmpi/e 0, 0, 3;
    %jmp/1 T_29.4, 4;
    %flag_mov 8, 4;
    %load/vec4 v0x55e8b721b1a0_0;
    %load/vec4 v0x55e8b721ac00_0;
    %concat/vec4; draw_concat_vec4
    %load/vec4 v0x55e8b721ab10_0;
    %concat/vec4; draw_concat_vec4
    %cmpi/e 7, 0, 3;
    %flag_or 4, 8;
T_29.4;
    %jmp/0xz  T_29.2, 4;
    %jmp T_29.3;
T_29.2 ;
    %vpi_call/w 3 242 "$error", "ASSERT: inconsistent stall controls at t=%0t: pchold=%b idhold=%b hazardmux=%b", $time, v0x55e8b721b1a0_0, v0x55e8b721ac00_0, v0x55e8b721ab10_0 {0 0 0};
    %load/vec4 v0x55e8b7221000_0;
    %addi 1, 0, 32;
    %store/vec4 v0x55e8b7221000_0, 0, 32;
T_29.3 ;
    %load/vec4 v0x55e8b721a930_0;
    %cmpi/e 0, 0, 2;
    %jmp/1 T_29.9, 4;
    %flag_mov 9, 4;
    %load/vec4 v0x55e8b721a930_0;
    %cmpi/e 1, 0, 2;
    %flag_or 4, 9;
T_29.9;
    %jmp/1 T_29.8, 4;
    %flag_mov 9, 4;
    %load/vec4 v0x55e8b721a930_0;
    %cmpi/e 2, 0, 2;
    %flag_or 4, 9;
T_29.8;
    %flag_get/vec4 4;
    %jmp/0 T_29.7, 4;
    %load/vec4 v0x55e8b721aa20_0;
    %cmpi/e 0, 0, 2;
    %jmp/1 T_29.11, 4;
    %flag_mov 9, 4;
    %load/vec4 v0x55e8b721aa20_0;
    %cmpi/e 1, 0, 2;
    %flag_or 4, 9;
T_29.11;
    %flag_get/vec4 4;
    %jmp/1 T_29.10, 4;
    %load/vec4 v0x55e8b721aa20_0;
    %pushi/vec4 2, 0, 2;
    %cmp/e;
    %flag_get/vec4 4;
    %or;
T_29.10;
    %and;
T_29.7;
    %flag_set/vec4 8;
    %jmp/0xz  T_29.5, 8;
    %jmp T_29.6;
T_29.5 ;
    %vpi_call/w 3 254 "$error", "ASSERT: illegal forwarding select at t=%0t: fwdA=%b fwdB=%b", $time, v0x55e8b721a930_0, v0x55e8b721aa20_0 {0 0 0};
    %load/vec4 v0x55e8b7221000_0;
    %addi 1, 0, 32;
    %store/vec4 v0x55e8b7221000_0, 0, 32;
T_29.6 ;
    %load/vec4 v0x55e8b7221810_0;
    %flag_set/vec4 8;
    %jmp/0xz  T_29.12, 8;
    %load/vec4 v0x55e8b7214960_0;
    %load/vec4 v0x55e8b72216a0_0;
    %cmp/e;
    %jmp/0xz  T_29.14, 4;
    %jmp T_29.15;
T_29.14 ;
    %vpi_call/w 3 262 "$error", "ASSERT: PC changed during stall at t=%0t: previous=%0d current=%0d", $time, v0x55e8b72216a0_0, v0x55e8b7214960_0 {0 0 0};
    %load/vec4 v0x55e8b7221000_0;
    %addi 1, 0, 32;
    %store/vec4 v0x55e8b7221000_0, 0, 32;
T_29.15 ;
T_29.12 ;
    %load/vec4 v0x55e8b721b1a0_0;
    %flag_set/vec4 10;
    %flag_get/vec4 10;
    %jmp/0 T_29.19, 10;
    %load/vec4 v0x55e8b721ac00_0;
    %and;
T_29.19;
    %flag_set/vec4 9;
    %flag_get/vec4 9;
    %jmp/0 T_29.18, 9;
    %load/vec4 v0x55e8b721ab10_0;
    %and;
T_29.18;
    %flag_set/vec4 8;
    %jmp/0xz  T_29.16, 8;
    %pushi/vec4 1, 0, 1;
    %assign/vec4 v0x55e8b7222200_0, 0;
    %load/vec4 v0x55e8b7222680_0;
    %addi 1, 0, 32;
    %assign/vec4 v0x55e8b7222680_0, 0;
    %load/vec4 v0x55e8b72148a0_0;
    %dup/vec4;
    %pushi/vec4 20, 0, 64;
    %cmp/u;
    %jmp/1 T_29.20, 6;
    %dup/vec4;
    %pushi/vec4 32, 0, 64;
    %cmp/u;
    %jmp/1 T_29.21, 6;
    %dup/vec4;
    %pushi/vec4 48, 0, 64;
    %cmp/u;
    %jmp/1 T_29.22, 6;
    %dup/vec4;
    %pushi/vec4 60, 0, 64;
    %cmp/u;
    %jmp/1 T_29.23, 6;
    %jmp T_29.25;
T_29.20 ;
    %pushi/vec4 1, 0, 1;
    %assign/vec4 v0x55e8b72222c0_0, 0;
    %jmp T_29.25;
T_29.21 ;
    %pushi/vec4 1, 0, 1;
    %assign/vec4 v0x55e8b7222380_0, 0;
    %jmp T_29.25;
T_29.22 ;
    %pushi/vec4 1, 0, 1;
    %assign/vec4 v0x55e8b7222440_0, 0;
    %jmp T_29.25;
T_29.23 ;
    %pushi/vec4 1, 0, 1;
    %assign/vec4 v0x55e8b7222500_0, 0;
    %jmp T_29.25;
T_29.25 ;
    %pop/vec4 1;
T_29.16 ;
    %load/vec4 v0x55e8b72144a0_0;
    %nor/r;
    %flag_set/vec4 8;
    %jmp/0xz  T_29.26, 8;
    %load/vec4 v0x55e8b721a930_0;
    %cmpi/e 2, 0, 2;
    %jmp/0xz  T_29.28, 4;
    %pushi/vec4 1, 0, 1;
    %assign/vec4 v0x55e8b7221f00_0, 0;
    %load/vec4 v0x55e8b7221240_0;
    %addi 1, 0, 32;
    %assign/vec4 v0x55e8b7221240_0, 0;
T_29.28 ;
    %load/vec4 v0x55e8b721a930_0;
    %cmpi/e 1, 0, 2;
    %jmp/0xz  T_29.30, 4;
    %pushi/vec4 1, 0, 1;
    %assign/vec4 v0x55e8b7221fc0_0, 0;
    %load/vec4 v0x55e8b7221320_0;
    %addi 1, 0, 32;
    %assign/vec4 v0x55e8b7221320_0, 0;
T_29.30 ;
    %load/vec4 v0x55e8b721aa20_0;
    %cmpi/e 2, 0, 2;
    %jmp/0xz  T_29.32, 4;
    %pushi/vec4 1, 0, 1;
    %assign/vec4 v0x55e8b7222080_0, 0;
    %load/vec4 v0x55e8b7221400_0;
    %addi 1, 0, 32;
    %assign/vec4 v0x55e8b7221400_0, 0;
T_29.32 ;
    %load/vec4 v0x55e8b721aa20_0;
    %cmpi/e 1, 0, 2;
    %jmp/0xz  T_29.34, 4;
    %pushi/vec4 1, 0, 1;
    %assign/vec4 v0x55e8b7222140_0, 0;
    %load/vec4 v0x55e8b72214e0_0;
    %addi 1, 0, 32;
    %assign/vec4 v0x55e8b72214e0_0, 0;
T_29.34 ;
T_29.26 ;
    %load/vec4 v0x55e8b7219370_0;
    %flag_set/vec4 9;
    %flag_get/vec4 9;
    %jmp/0 T_29.38, 9;
    %load/vec4 v0x55e8b721ac00_0;
    %nor/r;
    %and;
T_29.38;
    %flag_set/vec4 8;
    %jmp/0xz  T_29.36, 8;
    %load/vec4 v0x55e8b72108f0_0;
    %flag_set/vec4 8;
    %jmp/0xz  T_29.39, 8;
    %pushi/vec4 1, 0, 1;
    %assign/vec4 v0x55e8b7221d30_0, 0;
    %load/vec4 v0x55e8b72148a0_0;
    %cmpi/e 32, 0, 64;
    %jmp/0xz  T_29.41, 4;
    %pushi/vec4 1, 0, 1;
    %assign/vec4 v0x55e8b7221af0_0, 0;
T_29.41 ;
    %load/vec4 v0x55e8b72148a0_0;
    %cmpi/e 60, 0, 64;
    %jmp/0xz  T_29.43, 4;
    %pushi/vec4 1, 0, 1;
    %assign/vec4 v0x55e8b7221c70_0, 0;
T_29.43 ;
    %jmp T_29.40;
T_29.39 ;
    %pushi/vec4 1, 0, 1;
    %assign/vec4 v0x55e8b7221a30_0, 0;
    %load/vec4 v0x55e8b72148a0_0;
    %cmpi/e 48, 0, 64;
    %jmp/0xz  T_29.45, 4;
    %pushi/vec4 1, 0, 1;
    %assign/vec4 v0x55e8b7221bb0_0, 0;
T_29.45 ;
T_29.40 ;
T_29.36 ;
    %load/vec4 v0x55e8b721a3c0_0;
    %flag_set/vec4 9;
    %flag_get/vec4 9;
    %jmp/0 T_29.49, 9;
    %load/vec4 v0x55e8b72108f0_0;
    %and;
T_29.49;
    %flag_set/vec4 8;
    %jmp/0xz  T_29.47, 8;
    %pushi/vec4 1, 0, 1;
    %assign/vec4 v0x55e8b72225c0_0, 0;
    %load/vec4 v0x55e8b72148a0_0;
    %cmpi/e 72, 0, 64;
    %jmp/0xz  T_29.50, 4;
    %pushi/vec4 1, 0, 1;
    %assign/vec4 v0x55e8b7221970_0, 0;
T_29.50 ;
T_29.47 ;
    %load/vec4 v0x55e8b721b1a0_0;
    %flag_set/vec4 9;
    %flag_get/vec4 9;
    %jmp/0 T_29.53, 9;
    %load/vec4 v0x55e8b721ac00_0;
    %and;
T_29.53;
    %flag_set/vec4 8;
    %flag_get/vec4 8;
    %jmp/0 T_29.52, 8;
    %load/vec4 v0x55e8b721ab10_0;
    %and;
T_29.52;
    %assign/vec4 v0x55e8b7221810_0, 0;
    %load/vec4 v0x55e8b7214960_0;
    %assign/vec4 v0x55e8b72216a0_0, 0;
    %jmp T_29.1;
T_29.0 ;
    %pushi/vec4 0, 0, 1;
    %assign/vec4 v0x55e8b7221810_0, 0;
    %pushi/vec4 0, 0, 64;
    %assign/vec4 v0x55e8b72216a0_0, 0;
T_29.1 ;
    %vpi_call/w 3 330 "$display", "t=%0t | pc_if=%0d | pc_id=%0d | if=%h | id=%h | hold(pcid/hz)=%b%b%b | PCSrc=%b | fwdA=%b fwdB=%b | Rm_id=%0d Rn_id=%0d Rd_id=%0d | Rd_ex=%0d Rd_mem=%0d Rd_wb=%0d | MemR_ex=%b Mem2R_mem=%b RegW(mem/wb)=%b%b | result_ex=%0d result_mem=%0d wbdata=%0d", $time, v0x55e8b7214960_0, v0x55e8b72148a0_0, v0x55e8b7214300_0, v0x55e8b721b0e0_0, v0x55e8b721b1a0_0, v0x55e8b721ac00_0, v0x55e8b721ab10_0, v0x55e8b72108f0_0, v0x55e8b721a930_0, v0x55e8b721aa20_0, v0x55e8b721a130_0, v0x55e8b721a300_0, v0x55e8b7210a90_0, v0x55e8b7219910_0, v0x55e8b7219a40_0, v0x55e8b7219b00_0, v0x55e8b7219410_0, v0x55e8b7219730_0, v0x55e8b7219e90_0, v0x55e8b7219f80_0, v0x55e8b7214ca0_0, v0x55e8b7214d90_0, v0x55e8b7211a10_0 {0 0 0};
    %jmp T_29;
    .thread T_29;
# The file index is used to find the file name in the following table.
:file_names 17;
    "N/A";
    "<interactive>";
    "-";
    "tb/soc_top_tb.sv";
    "rtl/soc_top.sv";
    "rtl/InstructionMem.sv";
    "rtl/core.sv";
    "rtl/control.sv";
    "rtl/datapath.sv";
    "rtl/alu.sv";
    "rtl/program_counter.sv";
    "rtl/register_file.sv";
    "rtl/sign_extension.sv";
    "rtl/forwarding_unit.sv";
    "rtl/hazard_detection_unit.sv";
    "rtl/sram_wrapper.sv";
    "rtl/sky130_sram_1kbyte_1rw1r_32x256_8.sv";
